file,mean H, mean S, mean V, arousal, valence
abstract_0001.jpg,127.29547844374343,125.70136698212409,123.95583596214512,36.99451104100947,113.18382754994742
abstract_0002.jpg,122.74179620034542,122.54490500863558,123.11139896373057,35.362409326424874,111.90674438687391
abstract_0003.jpg,84.56301267710664,84.52945563012678,83.65622669649515,24.784243102162566,76.31927665920955
abstract_0004.jpg,111.24404761904762,111.4985119047619,111.26488095238095,32.40699404761904,101.30244047619047
abstract_0005.jpg,82.61979166666667,82.47321428571429,82.5483630952381,23.89393601190476,75.10247767857143
abstract_0006.jpg,148.17932489451476,147.9688818565401,148.18459915611814,42.84410337552744,134.80052742616033
abstract_0007.jpg,103.0349127182045,102.88778054862843,103.56525353283457,29.627439733998337,94.0953366583541
abstract_0008.jpg,107.83739837398375,105.16768292682927,105.26219512195122,30.469329268292682,95.76780487804878
abstract_0009.jpg,122.06645569620254,121.6503164556962,120.36867088607595,35.675901898734175,109.81745253164556
abstract_0010.jpg,141.1761316872428,140.9835390946502,140.74650205761316,40.958707818930044,128.13146502057612
abstract_0011.jpg,113.85543278084714,114.64456721915286,114.8158379373849,33.19383057090239,104.44473296500921
abstract_0012.jpg,126.43956043956044,126.50671550671551,126.41880341880342,36.71420024420025,115.06045177045176
abstract_0013.jpg,127.65703971119133,127.31407942238268,125.92900120336944,37.350457280385086,114.90010830324908
abstract_0014.jpg,111.16487455197132,111.03136200716845,111.6415770609319,32.00992831541218,101.45958781362006
abstract_0015.jpg,115.83246073298429,114.57940663176265,109.47469458987784,34.81048865619545,100.74500872600349
abstract_0016.jpg,92.51211361737677,92.98997493734336,94.06265664160401,26.634561403508773,85.36102756892231
abstract_0018.jpg,114.110365398956,113.89634601043997,114.77777777777777,32.75669649515287,104.25386278896346
abstract_0019.jpg,88.49402092675635,88.74663677130044,88.82286995515695,25.712892376681612,80.81204035874438
abstract_0020.jpg,147.26833333333335,147.26083333333332,147.19833333333332,42.72501666666667,133.9642333333333
abstract_0021.jpg,110.15287099179717,110.30052199850857,110.56152125279642,31.90624161073825,100.55356450410142
abstract_0022.jpg,174.82864792503347,174.9437751004016,177.32530120481928,49.99542168674698,160.84208835341366
abstract_0023.jpg,95.83482810164425,95.85201793721973,95.93423019431988,27.771599402092672,87.28206278026906
abstract_0025.jpg,92.62227074235808,94.52911208151383,94.52037845705968,27.4161499272198,86.01546579330422
abstract_0026.jpg,111.77414965986395,110.45374149659864,109.81020408163265,32.231081632653066,100.06886394557822
abstract_0027.jpg,69.09833333333333,64.61416666666666,67.71583333333334,17.77659166666666,60.93904166666667
abstract_0028.jpg,73.25429553264605,72.4201030927835,75.41151202749141,20.074493127147765,67.96636597938144
abstract_0029.jpg,111.27027027027027,110.40090090090091,108.61148648648648,32.57097972972973,99.23012387387386
abstract_0030.jpg,119.4334121355398,119.5224586288416,119.75650118203309,34.5889598108747,108.92692671394798
abstract_0031.jpg,104.10306588388781,103.84474885844749,103.57273320287018,30.199302022178735,94.31103065883886
abstract_0032.jpg,160.70190274841437,161.58562367864693,163.66525722339676,46.215144467935154,148.4778646934461
abstract_0033.jpg,113.27039627039628,113.4965034965035,113.13442113442113,33.02623154623154,103.03198135198136
abstract_0034.jpg,105.50292397660819,105.26770630279402,104.09486679662118,30.891215074723853,94.98435347628329
abstract_0035.jpg,92.58858858858859,92.76351351351352,93.67567567567568,26.618648648648648,85.04418918918918
abstract_0036.jpg,64.84935064935065,64.97316017316017,65.195670995671,18.773238095238092,59.27910822510822
abstract_0037.jpg,137.00438596491227,136.88070175438597,136.66140350877194,39.76338596491228,124.41012280701754
abstract_0038.jpg,94.55413625304136,92.21593673965937,92.48479318734793,26.65927615571776,84.10201338199514
abstract_0039.jpg,119.95538720538721,119.60437710437711,119.47727272727273,34.72467171717171,108.75228114478114
abstract_0040.jpg,58.7663082437276,60.666666666666664,61.934767025089606,17.20022222222222,56.08165591397849
abstract_0041.jpg,148.9498127340824,148.97602996254682,148.8689138576779,43.236254681647935,135.49427715355804
abstract_0042.jpg,62.484924623115575,62.7177554438861,62.925460636515915,18.12376046901172,57.216474036850926
abstract_0043.jpg,107.50074738415546,106.98505231689089,107.22197309417041,30.9522197309417,97.51987294469357
abstract_0044.jpg,55.6711509715994,55.25485799701046,54.14723467862481,16.367272047832582,49.51766068759342
abstract_0045.jpg,115.32423651721898,114.36127355425602,113.5685510071475,33.410513320337884,103.5217803768681
abstract_0046.jpg,90.84922394678492,90.80931263858093,90.39393939393939,26.463466371027348,82.34986696230598
abstract_0047.jpg,129.6305625524769,129.34508816120908,129.00755667506297,37.61471032745593,117.47113350125944
abstract_0048.jpg,84.5066371681416,84.41961651917404,84.49188790560471,24.45928466076696,76.87171828908554
abstract_0049.jpg,117.04921700223714,117.1096196868009,117.16256524981357,33.945376584638325,106.60628635346754
abstract_0050.jpg,156.4289693593315,156.2376973073352,156.05385329619313,45.36592386258124,142.049452181987
abstract_0051.jpg,99.55738993710692,99.53380503144655,99.35455974842768,28.920369496855344,90.45208333333332
abstract_0052.jpg,114.39393939393939,114.28917748917749,114.32554112554112,33.13258874458874,104.02824242424242
abstract_0053.jpg,81.86027397260274,81.70228310502283,81.70776255707763,23.69196347031963,74.35285844748859
abstract_0054.jpg,81.64194756554308,82.00674157303371,81.92808988764045,23.80633707865168,74.57186516853933
abstract_0055.jpg,92.84116331096197,90.8627889634601,90.39597315436242,26.49492170022371,82.36303504847129
abstract_0056.jpg,125.07322175732217,125.09483960948396,124.81659693165969,36.363758716875864,113.64431659693165
abstract_0057.jpg,63.49739000745712,63.69425801640567,61.79343773303505,19.060589112602536,56.65020879940343
abstract_0058.jpg,52.92841163310962,49.58612975391499,48.85682326621924,14.606062639821028,44.62015659955257
abstract_0059.jpg,118.99850857568978,118.77330350484714,119.0820283370619,34.348553318419086,108.29672632363908
abstract_0060.jpg,102.82105943152455,102.53617571059432,102.34560723514213,29.794567183462533,93.17642764857881
abstract_0061.jpg,124.75751879699249,124.90288220551379,125.0501253132832,36.17619047619047,113.76322055137844
abstract_0062.jpg,85.72101449275362,85.72644927536231,85.73641304347827,24.857581521739124,78.0179438405797
abstract_0063.jpg,112.9625468164794,113.15430711610487,113.46591760299626,32.71814981273408,103.18543071161048
abstract_0064.jpg,93.27734711455642,93.15331610680448,93.03875968992249,27.049974160206716,84.6904737295435
abstract_0065.jpg,73.83634175691937,73.1985559566787,72.13658243080626,21.55679302045728,65.87792418772563
abstract_0066.jpg,98.22308354866495,97.91731266149871,97.52110249784668,28.518845822566753,88.83136950904392
abstract_0067.jpg,112.84405458089668,112.66211825860948,112.71669915529564,32.655094217024036,102.56018843404807
abstract_0068.jpg,97.93992932862191,97.89517078916373,97.65135453474676,28.46518256772674,88.91637220259128
abstract_0069.jpg,93.37408149632599,94.08951235804943,96.72745490981964,26.46819639278557,87.44163660654642
abstract_0070.jpg,126.50443081117928,125.16291751874574,124.44444444444444,36.519972733469665,113.40250852079072
abstract_0072.jpg,78.26745329400197,78.10422812192724,78.61455260570305,22.492025565388392,71.4269714847591
abstract_0073.jpg,64.7437751004016,61.00803212851405,59.40883534136546,18.188080321285142,54.41386345381525
abstract_0074.jpg,108.5175,108.3175,108.00166666666667,31.50998333333333,98.351
abstract_0075.jpg,128.03297491039427,127.50250896057348,127.85017921146954,36.86794982078853,116.26717562724014
abstract_0076.jpg,83.26916221033868,83.31818181818181,82.56595365418895,24.395463458110513,75.30050802139036
abstract_0077.jpg,93.60126582278481,93.4971870604782,91.59423347398031,27.70409985935302,83.76940225035162
abstract_0078.jpg,97.63693693693693,97.55135135135136,97.92072072072072,28.17538738738739,89.0265945945946
abstract_0079.jpg,118.64253798033958,116.64432529043789,115.01340482573727,34.33243967828418,105.02100089365504
abstract_0080.jpg,94.74756554307116,94.73483146067416,95.387265917603,27.270846441947565,86.65887640449438
abstract_0081.jpg,75.86165772212284,75.7340488968396,76.24508050089446,21.80445438282647,69.27059630292189
abstract_0082.jpg,39.904013961605585,39.78446771378709,39.667539267015705,11.573743455497382,36.123184991273995
abstract_0083.jpg,128.17492354740062,127.92844036697248,128.08440366972476,37.050899082568804,116.52249541284402
abstract_0084.jpg,97.6624895572264,98.63826232247285,98.28070175438596,28.715939849624064,89.51410192147033
abstract_0085.jpg,130.72858354537743,131.4156064461408,132.80067854113656,37.68115351993214,120.5439016115352
abstract_0086.jpg,121.70535714285714,121.7671130952381,121.95833333333333,35.25318452380953,110.94001488095238
abstract_0087.jpg,111.1964980544747,111.19066147859922,110.88780804150454,32.33917639429313,100.97453307392995
abstract_0088.jpg,89.35827098919368,88.93266832917706,66.9925187032419,32.591920199501246,65.79002493765586
abstract_0089.jpg,83.52834467120181,85.02721088435374,86.00604686318972,24.354452003023425,78.05015873015873
abstract_0090.jpg,75.74049217002238,75.99776286353467,73.5786726323639,22.789269202087993,67.48879194630872
abstract_0091.jpg,145.79802581624904,146.07289293849658,146.38876233864843,42.263219438116934,133.14428246013665
abstract_0092.jpg,139.81679894179894,139.2010582010582,137.76785714285714,40.812599206349205,125.68405423280423
abstract_0093.jpg,128.15863032844166,127.78756114605171,126.58560447239692,37.430999301187974,115.45733053808524
abstract_0094.jpg,99.50385802469135,99.76234567901234,99.71527777777777,28.945671296296293,90.75125771604938
abstract_0095.jpg,68.57568978374347,74.19537658463832,77.35048471290082,20.538575689783737,69.69481730052199
abstract_0096.jpg,78.43034825870647,77.97429519071311,75.56633499170813,23.35901326699834,69.2951160862355
abstract_0097.jpg,91.59435028248588,89.50282485875707,84.31073446327683,27.56536723163842,77.86502824858756
abstract_0098.jpg,120.11861471861472,119.6987012987013,120.69350649350649,34.40423376623376,109.61223376623377
abstract_0099.jpg,108.99300254452926,107.73791348600508,107.65203562340967,31.270617048346054,97.98224554707379
abstract_0100.jpg,170.4945147679325,170.68354430379748,170.70632911392406,49.49116455696202,155.33774683544306
abstract_0101.jpg,86.56773618538324,86.55704099821747,85.52317290552584,25.422040998217476,78.05353832442067
abstract_0102.jpg,99.40326975476839,99.43869209809264,98.62397820163488,29.089782016348774,89.92705722070843
abstract_0103.jpg,103.16472868217055,103.43992248062015,103.13824289405684,30.09109819121447,93.92217054263566
abstract_0104.jpg,130.84505862646566,131.65075376884423,130.07202680067002,38.66812395309883,118.71286432160804
abstract_0105.jpg,128.49606299212599,129.46128608923885,131.26181102362204,36.98561023622048,119.05213254593176
abstract_0106.jpg,75.97109304426378,76.53387533875339,77.130081300813,22.01,70.05720867208672
abstract_0107.jpg,102.29547141796586,103.11729769858945,102.56644394951745,30.07478099480326,93.45665181885671
abstract_0108.jpg,80.36559139784946,79.57568238213399,79.56244830438379,23.081050454921417,72.40473945409428
abstract_0109.jpg,117.47427293064877,116.7054436987323,116.60328113348248,33.8762490678598,106.13146159582402
abstract_0110.jpg,80.52050708426547,79.39671886651752,78.68083519761372,23.246972408650258,71.75705443698732
abstract_0111.jpg,139.55555555555554,139.04079861111111,138.59982638888889,40.458532986111116,126.22285590277777
abstract_0112.jpg,93.86501901140684,92.5487959442332,92.78200253485424,26.76685678073511,84.38031685678072
abstract_0113.jpg,85.02981029810299,84.62330623306234,84.30803974706414,24.638491418247515,76.78967479674797
abstract_0114.jpg,96.99619771863118,96.9936628643853,97.1191381495564,28.08926489226869,88.35081115335868
abstract_0115.jpg,98.95709570957095,98.95214521452145,99.21617161716172,28.61427392739273,90.2286303630363
abstract_0116.jpg,130.33155555555555,130.30933333333334,130.34133333333332,37.77978666666668,118.60357333333332
abstract_0117.jpg,73.29609929078015,73.53989361702128,73.91843971631205,21.20921985815603,67.18249999999999
abstract_0118.jpg,148.72689768976898,149.40264026402642,152.92986798679868,42.23332508250826,138.3901897689769
abstract_0119.jpg,127.23123732251521,126.65179175118323,125.20351588911427,37.17798512508451,114.25382014874914
abstract_0120.jpg,97.34545454545454,98.73232323232324,98.57979797979797,28.679656565656572,89.74117171717171
abstract_0121.jpg,115.13248945147679,115.75274261603376,116.03713080168777,33.48013502109705,105.53122362869198
abstract_0122.jpg,124.7025171624714,124.7864225781846,124.96186117467582,36.133676582761254,113.67669717772691
abstract_0123.jpg,89.53006872852234,89.47766323024055,89.2414089347079,26.02176116838488,81.26165807560137
abstract_0124.jpg,133.09475465313028,132.1429780033841,131.40016920473772,38.55173434856175,119.73757191201352
abstract_0125.jpg,76.33848133848134,74.93436293436294,76.32625482625483,21.299478764478764,69.15067567567567
abstract_0126.jpg,125.46935724962631,126.13452914798206,128.22645739910314,35.93051569506727,116.22585201793721
abstract_0127.jpg,75.17567567567568,75.1930501930502,74.54826254826254,22.005868725868726,67.9807722007722
abstract_0128.jpg,122.151973131822,119.55079764903442,118.66246851385391,34.94511335012594,108.17827875734676
abstract_0129.jpg,125.67567567567568,125.51924651924652,125.16461916461917,36.51051597051596,113.97782145782145
abstract_0130.jpg,148.06962962962962,147.95851851851853,148.27851851851852,42.808770370370375,134.86305185185185
abstract_0131.jpg,118.97359735973598,117.02357378595002,115.41301272984441,34.43611032531824,105.38016501650165
abstract_0132.jpg,95.04032258064517,94.93548387096774,95.19086021505376,27.45212365591398,86.5675
abstract_0133.jpg,102.51901565995526,104.09470544369873,103.57941834451901,30.34720357941834,94.37063385533183
abstract_0134.jpg,90.3059649122807,91.58315789473684,91.27929824561403,26.653312280701755,83.13101052631578
abstract_0135.jpg,119.23791821561338,118.37918215613382,117.48698884758365,34.606542750929364,107.10944237918216
abstract_0136.jpg,102.29451476793248,102.1409282700422,101.33586497890295,29.8704388185654,92.39275105485231
abstract_0137.jpg,105.12328767123287,103.58995433789954,101.16438356164383,30.793013698630133,92.59321461187213
abstract_0138.jpg,136.15695415695416,136.35586635586637,136.01165501165502,39.64990675990676,123.84633255633256
abstract_0139.jpg,51.02854743912678,50.824517212426535,50.18303946263644,14.937968094038624,45.807691015952976
abstract_0140.jpg,72.68913857677903,74.46067415730337,70.79101123595505,22.731191011235953,65.22714606741573
abstract_0141.jpg,110.22956645344705,110.67022032693674,110.53873489694385,32.13512437810945,100.61917555081733
abstract_0142.jpg,138.84420289855072,138.88840579710146,139.07608695652175,40.21945652173913,126.51794927536233
abstract_0143.jpg,89.68670309653916,91.90042501517911,91.23436551305404,26.85760170006071,83.16980570734668
abstract_0144.jpg,84.14489311163895,87.07284243863816,85.8368962787015,25.634267616785433,78.38348376880442
abstract_0145.jpg,102.48110661268556,101.26788124156545,101.24966261808368,29.373333333333324,92.14120107962212
abstract_0146.jpg,85.0,85.0,85.0,24.65,77.35
abstract_0147.jpg,115.06630170316302,115.34245742092457,115.338199513382,33.45063260340632,104.95869829683699
abstract_0148.jpg,127.1631342324984,127.6499678869621,127.39242132305716,37.09833012202953,115.9837636480411
abstract_0149.jpg,132.98865619546248,133.69633507853402,134.43019197207678,38.5444415357766,122.17002617801046
abstract_0150.jpg,127.23974358974358,127.15512820512821,127.11602564102564,36.88710897435897,115.6841858974359
abstract_0151.jpg,42.862536873156344,84.305604719764,80.78466076696165,25.54011799410029,74.28864896755161
abstract_0152.jpg,93.47157622739019,93.24806201550388,92.39987080103359,27.304877260981915,84.27048449612403
abstract_0153.jpg,138.3565543071161,138.35730337078652,137.9370786516854,40.253887640449435,125.61519101123595
abstract_0154.jpg,134.5983667409057,135.42613214550855,137.19302152932443,38.72584261321455,124.45693392724573
abstract_0155.jpg,75.62748643761302,75.34779987944545,74.8794454490657,21.996051838456903,68.24333333333333
abstract_0156.jpg,119.66666666666667,119.48091603053435,118.23982188295166,35.034204834605596,107.8712786259542
abstract_0157.jpg,85.72254335260115,85.79190751445087,85.80346820809248,24.876069364161847,78.078612716763
abstract_0158.jpg,35.13264427217916,34.31266149870801,34.807062876830315,9.797407407407409,31.565658914728676
abstract_0159.jpg,115.4131245339299,114.83967188665176,114.63012677106637,33.36846383296048,104.35951528709919
abstract_0160.jpg,135.14955357142858,135.25892857142858,135.9248511904762,39.01865327380952,123.54511160714286
abstract_0161.jpg,97.55785837651122,96.24438687392055,95.01295336787565,28.29261658031087,86.73270293609671
abstract_0162.jpg,71.53993055555556,71.41059027777777,71.16059027777777,20.786571180555555,64.81113715277777
abstract_0163.jpg,111.05486284289277,111.71072319201996,112.7689110556941,32.068071487946796,102.38690773067333
abstract_0164.jpg,118.33504273504273,118.62649572649573,119.0905982905983,34.25781196581197,108.27034188034187
abstract_0165.jpg,150.5169590643275,151.32631578947368,152.37309941520468,43.56012865497076,138.42922807017544
abstract_0166.jpg,129.25981308411215,129.1613707165109,129.38193146417444,37.388423676012465,117.68903426791276
abstract_0167.jpg,103.96436058700209,104.13067784765897,104.33333333333333,30.135073375262046,94.89874912648497
abstract_0168.jpg,105.0136698212408,106.12197686645636,107.12513144058886,30.464395373291275,97.26317560462671
abstract_0169.jpg,94.08566355969818,93.99334221038615,93.09098979138926,27.537798490901018,84.91131824234354
abstract_0170.jpg,90.29112833763996,90.02497846683893,89.09560723514213,26.3953488372093,81.28146425495262
abstract_0171.jpg,81.61752136752136,80.69658119658119,81.33119658119658,23.205277777777773,73.87177350427349
abstract_0172.jpg,132.55855855855856,132.1969111969112,131.66924066924068,38.50068211068211,119.93509652509653
abstract_0173.jpg,85.9097909790979,86.00440044004401,86.33443344334434,24.83896589658966,78.49172717271728
abstract_0174.jpg,88.39183424741012,88.47288238878733,87.93601462522852,25.823564899451554,80.13988421694089
abstract_0175.jpg,82.12175648702595,80.7857618097139,78.85096473719229,24.027658017298734,72.18003326679973
abstract_0176.jpg,115.20952380952382,115.29264069264069,114.38528138528139,33.71614718614718,104.2902251082251
abstract_0177.jpg,99.30854700854701,99.55555555555556,99.72478632478632,28.818649572649576,90.71232478632477
abstract_0178.jpg,91.31243781094527,91.32139303482587,91.33631840796019,26.478577114427868,83.11276616915423
abstract_0179.jpg,104.72410546139359,104.17043314500941,103.50941619585687,30.41434086629001,94.33899246704331
abstract_0180.jpg,81.1150592216582,80.6565143824027,80.12267343485618,23.555879864636204,73.02907783417936
abstract_0181.jpg,145.5861111111111,146.13981481481483,143.2074074074074,43.28959259259259,130.96387037037036
abstract_0182.jpg,127.12435233160622,127.05526770293609,126.65112262521589,36.97131260794473,115.3414335060449
abstract_0183.jpg,49.07351077313054,46.453738910012675,39.8041825095057,15.532946768060837,37.68470849176172
abstract_0184.jpg,114.85585585585585,114.25315315315315,114.39099099099099,33.09068468468468,104.06547747747747
abstract_0185.jpg,98.1485788113695,97.76291989664082,96.83333333333333,28.639418604651162,88.32284237726098
abstract_0186.jpg,64.40456621004566,63.01004566210046,62.15433789954338,18.538182648401826,56.74870319634703
abstract_0187.jpg,137.88020833333334,137.27690972222223,138.5,39.43114583333333,125.76592013888889
abstract_0188.jpg,158.52296819787986,158.5465253239105,158.61601884570084,45.95694935217903,144.3252885747939
abstract_0189.jpg,144.26666666666668,145.4379746835443,147.79915611814346,41.445046413502105,133.97777215189873
abstract_0190.jpg,134.1573452647278,134.2393736017897,134.97539149888144,38.701252796420576,122.66568232662192
abstract_0191.jpg,80.25544388609715,80.15577889447236,80.08877721943048,23.265946398659967,72.89552763819094
abstract_0192.jpg,129.6457399103139,129.65844544095665,129.8303437967115,37.54766068759342,118.10779521674141
abstract_0193.jpg,74.92656765676567,74.48267326732673,74.82920792079207,21.492549504950492,68.0183415841584
abstract_0194.jpg,139.76116071428572,140.2529761904762,140.65401785714286,40.54904017857144,127.90692708333333
abstract_0195.jpg,104.48220769789397,104.49673202614379,104.66230936819171,30.252723311546838,95.20627450980392
abstract_0196.jpg,59.436987322893366,59.03952274422073,58.71364653243848,17.222483221476512,53.50111111111111
abstract_0197.jpg,108.00892133008921,108.22627737226277,108.48580697485806,31.305166261151662,98.66498783454986
abstract_0198.jpg,72.11278195488721,72.20802005012531,71.69924812030075,21.098045112781953,65.35824561403508
abstract_0199.jpg,70.83459277917716,70.2896725440806,69.47774979009236,20.635701091519728,63.403375314861464
abstract_0200.jpg,107.05086285195277,106.49227974568574,105.01816530426885,31.33973660308809,95.89083560399635
abstract_0201.jpg,85.17597944765575,84.63776493256262,85.42324983943482,24.301451509312777,77.56235067437379
abstract_0202.jpg,100.55059523809524,100.66443452380952,100.76488095238095,29.161547619047617,91.67394345238094
abstract_0203.jpg,95.06604361370717,94.7632398753894,94.16573208722741,27.666566978193146,85.82226791277259
abstract_0204.jpg,65.34984984984985,65.45495495495496,68.86486486486487,17.924864864864862,61.916846846846845
abstract_0205.jpg,83.00526711813393,82.08201655379985,81.39352896914974,24.017215951843482,74.21957863054928
abstract_0206.jpg,74.29571303587052,75.87751531058618,78.24671916010499,21.27002624671916,70.6832895888014
abstract_0207.jpg,147.24643584521385,147.64019008825525,148.33808553971485,42.59930753564155,134.8341208418194
abstract_0208.jpg,109.06796116504854,109.98252427184465,110.75663430420713,31.654957928802588,100.61823300970873
abstract_0209.jpg,141.92954990215264,141.99347684279192,142.1180691454664,41.139484670580565,129.30003261578602
abstract_0210.jpg,107.69594145043247,107.29607451763141,106.10046573519628,31.486500332668,96.81445775116434
abstract_0211.jpg,144.4044665012407,142.82464846980977,140.96360628618694,41.9960711331679,128.68631100082715
abstract_0212.jpg,167.11139896373058,168.51295336787564,168.3195164075993,48.92872193436959,153.21331606217615
abstract_0213.jpg,117.77589453860641,115.79033270558695,115.75015693659762,33.5916509730069,105.34148148148148
abstract_0214.jpg,89.46376811594203,102.52003410059676,104.12702472293265,29.232642796248932,94.40205456095481
abstract_0215.jpg,101.13770180436848,101.08926875593542,96.75118708452042,30.66069325735992,88.99795821462487
abstract_0216.jpg,87.79271708683473,87.66013071895425,88.39402427637722,25.19393090569561,80.27710550887022
abstract_0217.jpg,80.86089906700593,80.08821034775234,79.47752332485157,23.41489397794741,72.45889737065309
abstract_0218.jpg,112.89642596644785,108.6506199854121,102.48285922684173,33.42068563092633,94.61630926331145
abstract_0219.jpg,111.99193548387096,112.01702508960574,111.72849462365592,32.5743817204301,101.73640681003585
abstract_0220.jpg,101.31043256997455,101.40373197625107,101.22052586938084,29.463876166242578,92.15098388464801
abstract_0221.jpg,151.66442953020135,150.59507829977628,150.90976882923192,43.57501864280386,137.2586577181208
abstract_0222.jpg,67.08074935400516,67.13372093023256,66.95542635658914,19.524050387596898,60.96866279069767
abstract_0223.jpg,91.77604166666667,91.10329861111111,91.60590277777777,26.26414930555556,83.25079861111111
abstract_0224.jpg,136.07284243863816,134.55344418052258,134.15914489311163,39.14273159144893,122.17156769596198
abstract_0225.jpg,98.94298245614036,98.45087719298246,100.82280701754387,27.815456140350875,91.22692982456141
abstract_0226.jpg,61.748,61.80266666666667,61.14533333333333,18.12654666666667,55.78686666666666
abstract_0227.jpg,80.17918313570487,80.22463768115942,79.94927536231884,23.35050724637681,72.81442028985506
abstract_0228.jpg,112.22577996715928,112.12151067323481,112.58456486042692,32.371691297208535,102.35008210180624
abstract_0229.jpg,84.50210970464136,84.50210970464136,84.50210970464136,24.505611814345993,76.89691983122363
abstract_0230.jpg,104.713529856387,104.5071806500378,93.56538170823885,33.69904006046863,87.55169312169312
abstract_0231.jpg,85.7594501718213,86.59450171821305,86.94072164948453,25.005077319587627,79.03988831615119
abstract_0232.jpg,151.38057040998217,151.58467023172906,151.3342245989305,44.037192513368986,137.76924242424244
abstract_0233.jpg,148.35181644359466,148.61567877629062,149.0095602294455,42.97644359464626,135.51204588910133
abstract_0234.jpg,77.97280701754386,78.58157894736843,78.39824561403509,22.845491228070177,71.38273684210526
abstract_0235.jpg,100.1469052945563,99.84787472035794,99.39149888143177,29.09736017897091,90.54666666666667
abstract_0236.jpg,128.91479820627802,127.94170403587444,126.19955156950672,37.64316143497758,115.22486547085201
abstract_0237.jpg,142.09338521400778,141.52918287937743,140.6076523994812,41.329137483787285,128.15570038910505
abstract_0238.jpg,107.20507084265473,107.15361670395228,107.3027591349739,31.028314690529456,97.61269947800149
abstract_0239.jpg,126.66581632653062,126.70748299319727,126.69132653061224,36.75017857142856,115.29266156462583
abstract_0240.jpg,48.825248756218905,48.850746268656714,49.090796019900495,14.092300995024873,44.61981343283581
abstract_0241.jpg,122.38324420677363,121.8288770053476,121.94652406417113,35.293903743315504,110.94545454545454
abstract_0242.jpg,93.45149911816578,94.3447971781305,94.02557319223986,27.458950617283943,85.63350088183421
abstract_0243.jpg,117.5778364116095,117.36587510993843,117.11785400175901,34.11299032541776,106.63181178540017
abstract_0244.jpg,81.58702064896755,81.7669616519174,81.78761061946902,23.706017699115037,74.42218289085545
abstract_0245.jpg,149.0,160.17111111111112,175.5762962962963,41.67401481481481,156.38528888888888
abstract_0246.jpg,120.08249158249158,119.29882154882155,122.28114478114477,33.672138047138056,110.61973063973063
abstract_0247.jpg,91.80036297640653,83.42528735632185,75.47973381730188,26.656454930429526,70.4345795523291
abstract_0248.jpg,117.86137975499678,117.37717601547389,117.36814958091554,34.04217923920051,106.80700193423598
abstract_0249.jpg,97.4910394265233,96.68279569892474,97.35752688172043,27.828844086021505,88.44690860215053
abstract_0250.jpg,122.94645941278065,122.93782383419689,122.90932642487047,35.66080310880829,111.85375647668394
abstract_0251.jpg,85.0,85.0,85.0,24.65,77.35
abstract_0252.jpg,98.17677902621723,98.42546816479401,100.52659176029962,27.89203745318352,91.01695131086143
abstract_0253.jpg,106.93573264781492,106.28449014567266,106.20394173093402,30.84747215081405,96.66330762639245
abstract_0254.jpg,138.28900709219857,137.8005319148936,137.5159574468085,40.05037234042553,125.20212765957446
abstract_0255.jpg,105.18092909535453,105.12958435207824,104.92094539527302,30.552257538712304,95.52396088019559
abstract_0256.jpg,151.67943805874842,151.55555555555554,151.31162196679438,44.026730523627066,137.7472413793103
abstract_0257.jpg,116.1900406504065,115.0619918699187,116.89024390243902,32.80121951219512,105.96790650406503
abstract_0258.jpg,88.12338858195211,88.15653775322284,88.22836095764272,25.543130755064457,80.2720073664825
abstract_0259.jpg,76.90807560137458,77.45017182130584,79.03092783505154,21.970515463917526,71.57037800687284
abstract_0260.jpg,88.7601323407775,91.04383788254756,91.68238213399503,26.20476426799008,83.29048800661704
abstract_0261.jpg,91.49227974568574,90.80381471389646,90.16257947320618,26.531889191643955,82.18901907356948
abstract_0262.jpg,94.4061135371179,93.99563318777292,93.92649199417758,27.2801673944687,85.48831877729256
abstract_0263.jpg,92.41797752808989,89.17228464419476,92.0561797752809,24.965955056179777,83.13666666666666
abstract_0264.jpg,92.57228464419475,92.94157303370787,93.04644194756554,26.920546816479405,84.64919101123594
abstract_0265.jpg,128.65133171912834,129.40112994350284,129.77158999192898,37.411485068603724,118.01064568200161
abstract_0266.jpg,105.4476693051891,104.53386103781882,103.63588390501319,30.5931926121372,94.50620932277923
abstract_0267.jpg,99.34820322180917,99.04832713754647,101.31040892193309,28.02276951672862,91.69481412639405
abstract_0268.jpg,67.86296296296297,68.54338624338624,69.44179894179894,19.59907407407407,62.99438624338623
abstract_0269.jpg,56.01215277777778,55.970486111111114,55.77777777777778,16.29118055555556,50.800173611111106
abstract_0270.jpg,150.71029668411867,151.4973821989529,152.75741710296685,43.543630017452,138.73204188481677
abstract_0271.jpg,142.05867182462927,142.13926499032883,142.01096067053513,41.2601611863314,129.25820116054157
abstract_0272.jpg,107.48684210526316,107.00701754385965,106.86666666666666,31.075543859649123,97.27954385964911
abstract_0273.jpg,80.42056932966024,80.37465564738292,80.21946740128558,23.356758494031222,73.0338567493113
abstract_0274.jpg,85.0,85.0,85.0,24.65,77.35
abstract_0275.jpg,77.63468634686348,77.07872078720787,76.15375153751538,22.639569495694953,69.50340713407134
abstract_0276.jpg,101.49910394265233,101.65232974910394,101.81989247311827,29.427231182795694,92.61923835125447
abstract_0277.jpg,108.20704310868246,108.29933211900425,108.02975106253795,31.49037644201578,98.36638129933212
abstract_0278.jpg,134.35342261904762,134.5811011904762,134.69419642857142,38.99345982142858,122.54683779761903
abstract_0279.jpg,117.41076115485565,117.27165354330708,116.93044619422572,34.11455380577428,106.48177165354329
abstract_0280.jpg,108.32584269662921,108.2816479400749,108.14157303370787,31.4451011235955,98.4396479400749
abstract_0281.jpg,104.08768406961178,102.54283801874163,104.31191432396251,29.1890093708166,94.53464524765728
abstract_0282.jpg,154.68276324614354,154.93695506371563,155.01810865191146,44.906559356136825,141.04862508383633
abstract_0283.jpg,96.78523489932886,94.46756152125279,93.75689783743475,27.615898583146897,85.47512304250559
