file,mean H,mean S,mean V,pleasure,arousal,dominance,c_H_1,c_H_2,c_H_3,c_S_1,c_S_2,c_S_3,c_V_1,c_V_2,c_V_3,Sum_H,Sum_S,Sum_V
abstract_0001.jpg,127.295478,125.701367,123.955836,113.183828,36.994511,134.430873,781.587500,1.683333,121.072917,773.768750,2.406250,117.571875,764.543750,2.585417,115.655208,904.343750,893.746875,882.784375
abstract_0002.jpg,122.741796,122.544905,123.111399,111.906744,35.362409,132.779033,1021.372449,1.250000,-21.385739,1015.933673,0.467687,-18.739691,1017.000000,0.306122,-17.319588,1001.236710,997.661670,999.986535
abstract_0003.jpg,84.563013,84.529456,83.656227,76.319277,24.784243,90.628158,733.218750,-2.483631,-26.887649,729.964286,-2.880952,-26.633929,707.647321,-0.760417,-17.670387,703.847470,700.449405,689.216518
abstract_0004.jpg,111.244048,111.498512,111.264881,101.302440,32.406994,120.240833,959.205357,-1.619048,-34.593750,962.165179,-1.700893,-34.810268,962.517857,-1.446429,-36.568452,922.992560,925.654018,924.502976
abstract_0005.jpg,82.619792,82.473214,82.548363,75.102478,23.893936,89.128185,801.160714,-0.020833,-70.354167,800.477679,-0.123512,-70.404018,801.017857,-0.205357,-70.404762,730.785714,729.950149,730.407738
abstract_0006.jpg,148.179325,147.968882,148.184599,134.800527,42.844103,159.970338,1307.126582,0.504219,-61.196203,1300.028481,0.456751,-58.359177,1294.240506,0.622363,-54.535865,1246.434599,1242.126055,1240.327004
abstract_0007.jpg,103.034913,102.887781,103.565254,94.095337,29.627440,111.633682,807.965686,1.629085,6.573432,803.730392,2.109477,6.989274,807.142157,2.204248,8.144389,816.168204,812.829143,817.490795
abstract_0008.jpg,107.837398,105.167683,105.262195,95.767805,30.469329,113.652927,898.420732,0.335366,-17.822154,880.457317,0.920732,-19.238821,882.109756,0.796748,-20.164634,880.933943,862.139228,862.741870
abstract_0009.jpg,122.066456,121.650316,120.368671,109.817453,35.675902,130.408291,1087.338608,-3.545359,-55.387658,1079.294304,-3.397679,-52.747363,1066.180380,-3.874473,-52.129219,1028.405591,1023.149262,1010.176688
abstract_0010.jpg,141.176132,140.983539,140.746502,128.131465,40.958708,152.082074,1240.333333,-0.313725,-55.326797,1238.759804,-0.250000,-55.280229,1236.647059,-0.006536,-55.225490,1184.692810,1183.229575,1181.415033
abstract_0011.jpg,113.855433,114.644567,114.815838,104.444733,33.193831,123.946298,873.538043,-0.012681,18.125458,876.798913,0.056159,19.971612,876.358696,0.329710,20.613553,891.650820,896.826684,897.301959
abstract_0012.jpg,126.439560,126.506716,126.418803,115.060452,36.714200,136.560440,1104.532609,0.474638,-45.507908,1102.750000,-0.078502,-45.662409,1101.413043,0.797101,-45.274939,1059.499339,1057.009089,1056.935206
abstract_0013.jpg,127.657040,127.314079,125.929001,114.900108,37.350457,136.446546,899.671429,0.754762,61.908873,892.757143,-0.319048,62.952038,882.203571,-1.613095,62.267986,962.335063,955.390134,942.858462
abstract_0014.jpg,111.164875,111.031362,111.641577,101.459588,32.009928,120.377634,979.718085,5.150709,-47.298387,980.212766,4.138298,-47.338710,984.260638,5.140071,-46.285842,937.570407,937.012354,943.114867
abstract_0015.jpg,115.832461,114.579407,109.474695,100.745009,34.810489,119.866178,1185.546875,3.689236,-129.900174,1164.895833,1.954861,-122.763889,1113.098958,-1.873264,-119.495660,1059.335938,1044.086806,991.730035
abstract_0016.jpg,92.512114,92.989975,94.062657,85.361028,26.634561,101.244411,701.420000,0.540000,20.410000,702.755000,0.581667,20.827500,707.630000,-0.233333,22.831667,722.370000,724.164167,730.228333
abstract_0018.jpg,114.110365,113.896346,114.777778,104.253863,32.756696,123.677942,938.781250,-1.084821,-12.829613,941.517857,-0.928571,-16.059524,944.098214,-1.589286,-14.278274,924.866815,924.529762,928.230655
abstract_0019.jpg,88.494021,88.746637,88.822870,80.812040,25.712892,95.904305,905.450893,0.197917,-98.920387,908.691964,0.263393,-99.573661,910.553571,0.315476,-100.205357,806.728423,809.381696,810.663690
abstract_0020.jpg,147.268333,147.260833,147.198333,133.964233,42.725017,158.994200,1284.020000,-0.500000,-52.813333,1282.650000,-0.963333,-52.101667,1281.945000,-0.831667,-52.160833,1230.706667,1229.585000,1228.952500
abstract_0021.jpg,110.152871,110.300522,110.561521,100.553565,31.906242,119.322923,1042.888393,0.046131,-80.725446,1045.120536,0.477679,-81.270089,1047.919643,0.300595,-81.703869,962.209077,964.328125,966.516369
abstract_0022.jpg,174.828648,174.943775,177.325301,160.842088,49.995422,190.749237,1409.890625,-0.572917,-3.939153,1412.656250,0.125000,-4.380952,1421.710938,0.341146,1.736772,1405.378555,1408.400298,1423.788856
abstract_0023.jpg,95.834828,95.852018,95.934230,87.282063,27.771599,103.582661,963.473214,0.151786,-98.430060,963.602679,0.028274,-98.472470,963.964286,-0.139881,-98.300595,865.194940,865.158482,865.523810
abstract_0025.jpg,92.622271,94.529112,94.520378,86.015466,27.416150,102.084803,988.564655,0.550287,-122.697826,1011.668103,-0.265805,-126.622464,1002.745690,0.214080,-124.386232,866.417116,884.779835,878.573538
abstract_0026.jpg,111.774150,110.453741,109.810204,100.068864,32.231082,118.800952,1074.104839,-3.034946,-91.734417,1048.342742,-2.845430,-84.466802,1036.750000,-1.698925,-81.200542,979.335475,961.030510,953.850533
abstract_0027.jpg,69.098333,64.614167,67.715833,60.939042,17.776592,72.140567,537.800000,-0.973333,8.526667,603.520000,-0.656667,-43.636667,639.945000,0.415000,-49.330833,545.353333,559.226667,591.029167
abstract_0028.jpg,73.254296,72.420103,75.411512,67.966366,20.074493,80.487182,640.367347,3.098639,-27.947595,636.530612,2.625850,-29.452749,657.015306,2.886054,-25.744845,615.518392,609.703713,634.156515
abstract_0029.jpg,111.270270,110.400901,108.611486,99.230124,32.570980,117.873018,1071.081081,0.333333,-89.036036,1063.554054,3.117117,-89.281532,1047.439189,3.209459,-88.347973,982.378378,977.389640,962.300676
abstract_0030.jpg,119.433412,119.522459,119.756501,108.926927,34.588960,129.262128,1005.617925,0.570755,-25.222484,1006.330189,0.556604,-25.325472,1008.334906,0.611635,-25.436321,980.966195,981.561321,983.510220
abstract_0031.jpg,104.103066,103.844749,103.572733,94.311031,30.199302,111.945597,762.539063,0.440104,35.087240,761.871094,0.095052,34.659505,759.695313,0.356771,34.631510,798.066406,796.625651,794.683594
abstract_0032.jpg,160.701903,161.585624,163.665257,148.477865,46.215144,176.092995,1364.200000,-0.155556,-39.257703,1349.666667,-0.280556,-28.218487,1353.458333,-0.188889,-21.754902,1324.786741,1321.167624,1331.514542
abstract_0033.jpg,113.270396,113.496503,113.134421,103.031981,33.026232,122.301041,924.032407,2.489198,-9.650463,925.254630,1.507716,-9.406636,921.537037,1.033951,-9.929012,916.871142,917.355710,912.641975
abstract_0034.jpg,105.502924,105.267706,104.094867,94.984353,30.891215,112.797765,885.069231,0.082051,-18.846253,882.807692,0.389744,-18.559432,874.896154,0.496154,-19.145349,866.305029,864.638004,856.246959
abstract_0035.jpg,92.588589,92.763514,93.675676,85.044189,26.618649,100.877838,998.504464,-0.165179,-129.479730,1001.263393,0.183036,-130.066817,1011.633929,-0.327381,-131.657658,868.859556,871.379612,879.648890
abstract_0036.jpg,64.849351,64.973160,65.195671,59.279108,18.773238,70.340121,652.561224,-0.309524,-66.414089,654.005102,-0.433673,-66.612543,656.602041,-0.394558,-66.998282,585.837611,586.958886,589.209201
abstract_0037.jpg,137.004386,136.880702,136.661404,124.410123,39.763386,147.664491,1143.432292,1.057292,-23.577193,1139.411458,0.980903,-22.085965,1131.671875,0.331597,-19.155263,1120.912390,1118.306396,1112.848209
abstract_0038.jpg,94.554136,92.215937,92.484793,84.102013,26.659276,99.797543,811.413043,-0.292271,-28.029197,794.782609,-1.594203,-28.886253,792.920290,2.256039,-26.671533,783.091576,764.302153,768.504796
abstract_0039.jpg,119.955387,119.604377,119.477273,108.752281,34.724672,129.076128,1152.390000,-1.596667,-97.111111,1150.580000,-2.343333,-97.385522,1151.555000,-0.105000,-99.151515,1053.682222,1050.851145,1052.298485
abstract_0040.jpg,58.766308,60.666667,61.934767,56.081656,17.200222,66.483756,563.711864,2.649718,-49.928775,572.644068,0.161017,-47.259259,580.466102,2.237288,-45.793447,516.432807,525.545825,536.909943
abstract_0041.jpg,148.949813,148.976030,148.868914,135.494277,43.236255,160.812704,1372.223214,0.500000,-90.456845,1372.968750,0.724702,-90.807292,1372.446429,0.979167,-91.074405,1282.266369,1282.886161,1282.351190
abstract_0042.jpg,62.484925,62.717755,62.925461,57.216474,18.123760,67.893032,631.770000,1.443333,-66.565000,628.585000,1.508333,-63.934167,625.010000,2.416667,-60.845000,566.648333,566.159167,566.581667
abstract_0043.jpg,107.500747,106.985052,107.221973,97.519873,30.952220,115.723916,1063.919643,1.261905,-103.144345,1059.776786,1.119048,-103.450893,1057.767857,0.002976,-101.110119,962.037202,957.444940,956.660714
abstract_0044.jpg,55.671151,55.254858,54.147235,49.517661,16.367272,58.833453,463.441964,0.159226,-8.573661,456.955357,0.297619,-7.349702,449.620536,0.132440,-8.055804,455.027530,449.903274,441.697173
abstract_0045.jpg,115.324237,114.361274,113.568551,103.521780,33.410513,122.907706,889.026923,-0.993590,16.470930,884.830769,-1.456410,15.475452,880.888462,-1.055128,14.724160,904.504264,898.849811,894.557494
abstract_0046.jpg,90.849224,90.809313,90.393939,82.349867,26.463466,97.758374,1054.710526,-0.035088,-164.199115,1054.473684,0.040936,-164.162242,1052.008772,0.043860,-164.573746,890.476324,890.352378,887.478885
abstract_0047.jpg,129.630563,129.345088,129.007557,117.471134,37.614710,139.436171,1176.075000,0.808333,-68.762500,1172.950000,-0.290000,-68.428333,1168.160000,-0.810000,-67.403333,1108.120833,1104.231667,1099.946667
abstract_0048.jpg,84.506637,84.419617,84.491888,76.871718,24.459285,91.228112,879.548246,0.387427,-101.292035,877.078947,0.228070,-100.351770,875.912281,0.093567,-99.468289,778.643637,776.955248,776.537559
abstract_0049.jpg,117.049217,117.109620,117.162565,106.606286,33.945377,126.518628,1006.968750,-0.302083,-35.417411,1006.022321,-0.290179,-34.729911,1005.857143,-0.354167,-34.440476,971.249256,971.002232,971.062500
abstract_0050.jpg,156.428969,156.237697,156.053853,142.049452,45.365924,168.596992,1258.233333,0.781481,-3.250000,1256.383333,0.279630,-3.197222,1252.638889,0.175926,-1.869444,1255.764815,1253.465741,1250.945370
abstract_0051.jpg,99.557390,99.533805,99.354560,90.452083,28.920369,107.360283,1007.702830,2.199686,-105.164308,1007.523585,2.488994,-104.911164,1006.297170,1.853774,-104.879717,904.738208,905.101415,903.271226
abstract_0052.jpg,114.393939,114.289177,114.325541,104.028242,33.132589,123.459948,949.051020,-1.166667,-16.156357,960.158163,-1.994898,-23.274055,973.688776,-2.331633,-30.229381,931.727996,934.889210,941.127761
abstract_0053.jpg,81.860274,81.702283,81.707763,74.352858,23.691963,88.242630,642.505435,-0.070652,5.278080,642.239130,0.072464,5.028986,642.880435,0.612319,4.867754,647.712862,647.340580,648.360507
abstract_0054.jpg,81.641948,82.006742,81.928090,74.571865,23.806337,88.507506,813.214286,0.068452,-79.797619,818.781250,0.147321,-80.963542,822.263393,0.447917,-83.002232,733.485119,737.965030,739.709077
abstract_0055.jpg,92.841163,90.862789,90.395973,82.363035,26.494922,97.777032,915.066964,-2.665179,-85.817708,894.272321,-1.864583,-82.863839,884.544643,2.372024,-79.531250,826.584077,809.543899,807.385417
abstract_0056.jpg,125.073222,125.094840,124.816597,113.644317,36.363759,134.890962,1067.683333,-0.027778,-32.677778,1066.162500,0.351389,-32.265972,1065.975000,0.094444,-33.454167,1034.977778,1034.247917,1032.615278
abstract_0057.jpg,63.497390,63.694258,61.793438,56.650209,19.060589,67.345175,525.089286,0.252976,-10.357143,511.821429,-0.333333,-1.529762,496.486607,0.501488,1.040923,514.985119,509.958333,498.029018
abstract_0058.jpg,52.928412,49.586130,48.856823,44.620157,14.606063,52.998747,466.250000,0.071429,-21.863095,416.352679,-0.272321,-9.984375,403.397321,-0.968750,-5.429315,444.458333,406.095982,396.999256
abstract_0059.jpg,118.998509,118.773304,119.082028,108.296726,34.348553,128.509799,984.459821,0.049107,-17.136161,984.098214,-0.601190,-17.781250,988.883929,-0.556548,-19.105655,967.372768,965.715774,969.221726
abstract_0060.jpg,102.821059,102.536176,102.345607,93.176428,29.794567,110.594238,870.500000,-1.369231,-24.580749,872.103846,-0.191026,-27.791344,871.303846,1.101282,-27.704780,844.550020,844.121477,844.700348
abstract_0061.jpg,124.757519,124.902882,125.050125,113.763221,36.176190,135.007018,1154.164179,-1.629353,-77.498747,1155.828358,-2.057214,-78.184837,1159.022388,-2.124378,-79.467419,1075.036079,1075.586307,1077.430591
abstract_0062.jpg,85.721014,85.726449,85.736413,78.017944,24.857582,92.592138,965.804348,-0.224638,-140.173913,965.869565,-0.159420,-140.173913,966.385870,-0.190217,-140.401268,825.405797,825.536232,825.794384
abstract_0063.jpg,112.962547,113.154307,113.465918,103.185431,32.718150,122.443476,900.089286,0.434524,1.607143,900.223214,0.508929,2.081845,901.691964,0.537202,2.521577,902.130952,902.813988,904.750744
abstract_0064.jpg,93.277347,93.153316,93.038760,84.690474,27.049974,100.518519,1013.801020,0.267007,-134.107388,1012.877551,0.105442,-134.041237,1010.974490,-0.181973,-133.445876,879.960639,878.941756,877.346641
abstract_0065.jpg,73.836342,73.198556,72.136582,65.877924,21.556793,78.247341,701.053571,-1.677381,-54.217626,688.814286,-1.921429,-50.886091,677.646429,-2.979762,-50.250000,645.158565,636.006766,624.416667
abstract_0066.jpg,98.223084,97.917313,97.521102,88.831370,28.518846,105.449578,910.209184,-0.192177,-62.714777,907.204082,0.003401,-62.334192,903.826531,-0.129252,-62.227663,847.302230,844.873291,841.469616
abstract_0067.jpg,112.844055,112.662118,112.716699,102.560188,32.655094,121.716569,899.580769,0.701282,1.122093,901.357692,0.206410,0.361111,902.611538,-0.326923,0.499354,901.404144,901.925214,902.783969
abstract_0068.jpg,97.939929,97.895171,97.651355,88.916372,28.465183,105.541484,794.073944,0.883803,-6.141432,793.992958,0.854460,-6.564554,794.052817,0.073944,-7.677817,788.816315,788.282864,786.448944
abstract_0069.jpg,93.374081,94.089512,96.727455,87.441637,26.468196,103.621510,785.706349,1.822751,-20.070667,793.250000,0.522487,-21.076667,811.440476,-0.059524,-19.490667,767.458434,772.695820,791.890286
abstract_0070.jpg,126.504431,125.162918,124.444444,113.402509,36.519973,134.629911,1066.750000,-2.897849,-26.085366,1063.233871,-3.505376,-29.833333,1065.673387,-2.579301,-34.226965,1037.766785,1029.895161,1028.867121
abstract_0072.jpg,78.267453,78.104228,78.614553,71.426971,22.492026,84.740413,740.738372,-1.149225,-55.748039,739.430233,-1.197674,-55.627451,744.965116,-0.728682,-56.202941,683.841108,682.605107,688.033493
abstract_0073.jpg,64.743775,61.008032,59.408835,54.413863,18.188080,64.673285,680.259615,-0.820513,-80.966346,631.557692,-0.044872,-71.467949,612.403846,0.163462,-68.352564,598.472756,560.044872,544.214744
abstract_0074.jpg,108.517500,108.317500,108.001667,98.351000,31.509983,116.742867,1100.720000,-1.173333,-116.636667,1099.520000,0.110000,-115.966667,1093.080000,-0.870000,-114.583333,982.910000,983.663333,977.626667
abstract_0075.jpg,128.032975,127.502509,127.850179,116.267176,36.867950,137.966939,1027.529661,0.072034,-2.533476,1028.266949,0.066384,-5.019231,1027.008475,0.025424,-2.870370,1025.068219,1023.314103,1024.163528
abstract_0076.jpg,83.269162,83.318182,82.565954,75.300508,24.395463,89.411943,859.787234,0.677305,-96.918440,860.867021,0.285461,-97.215426,852.707447,0.090426,-96.128546,763.546099,763.937057,756.669326
abstract_0077.jpg,93.601266,93.497187,91.594233,83.769402,27.704100,99.530717,1029.795833,-0.229167,-141.719188,1030.766667,-0.022222,-141.700280,1006.925000,0.625000,-137.082633,887.847479,889.044164,870.467367
abstract_0078.jpg,97.636937,97.551351,97.920721,89.026595,28.175387,105.636180,1026.962766,-1.203901,-122.226703,1027.542553,-0.840426,-122.134409,1030.638298,-0.656028,-122.458781,903.532163,904.567719,907.523488
abstract_0079.jpg,118.642538,116.644325,115.013405,105.021001,34.332440,124.736372,1079.010638,-2.000000,-64.629433,1067.563830,-2.014184,-66.991135,1057.058511,-1.671986,-68.850177,1012.381206,998.558511,986.536348
abstract_0080.jpg,94.747566,94.734831,95.387266,86.658876,27.270846,102.809468,902.209821,0.986607,-72.052827,901.866071,0.898810,-71.918155,905.196429,1.482143,-70.178571,831.143601,830.846726,836.500000
abstract_0081.jpg,75.861658,75.734049,76.245081,69.270596,21.804454,82.181157,910.228571,-1.695238,-151.704762,908.700000,-2.990476,-151.450000,914.821429,-2.116667,-152.470238,756.828571,754.259524,760.234524
abstract_0082.jpg,39.904014,39.784468,39.667539,36.123185,11.573743,42.878360,322.973958,0.105903,-2.006076,323.182292,0.064236,-2.582465,323.838542,0.019097,-3.337674,321.073785,320.664063,320.519965
abstract_0083.jpg,128.174924,127.928440,128.084404,116.522495,37.050899,138.281248,1045.688406,4.502415,-13.319951,1041.460145,3.501208,-10.490876,1039.742754,4.740338,-9.295012,1036.870870,1034.470477,1035.188080
abstract_0084.jpg,97.662490,98.638262,98.280702,89.514102,28.715940,106.257577,646.675000,-0.275000,66.240833,652.800000,-0.970000,66.300000,651.885000,-2.605000,65.472500,712.640833,718.130000,714.752500
abstract_0085.jpg,130.728584,131.415606,132.800679,120.543902,37.681154,142.981510,1288.225000,0.095000,-122.721380,1291.330000,-0.093333,-121.829966,1296.470000,-0.386667,-119.829966,1165.598620,1169.406700,1176.253367
abstract_0086.jpg,121.705357,121.767113,121.958333,110.940015,35.253185,131.653810,1160.955357,0.791667,-93.441964,1161.611607,0.563988,-93.372768,1163.102679,0.388393,-93.421875,1068.305060,1068.802827,1070.069196
abstract_0087.jpg,111.196498,111.190661,110.887808,100.974533,32.339176,119.855746,1150.196154,-0.003846,-130.167313,1150.165385,0.008974,-130.187984,1148.338462,-0.005128,-130.483204,1020.024995,1019.986374,1017.850129
abstract_0088.jpg,89.358271,88.932668,66.992519,65.790025,32.591920,79.372768,542.137255,-7.650327,90.316832,541.406863,-0.779412,88.499175,408.563725,-1.380719,60.730198,624.803760,629.126626,467.913205
abstract_0089.jpg,83.528345,85.027211,86.006047,78.050159,24.354452,92.573303,660.241071,-0.250000,3.370871,690.138393,0.186012,-5.116366,709.111607,0.668155,-10.277027,663.361942,685.208038,699.502735
abstract_0090.jpg,75.740492,75.997763,73.578673,67.488792,22.789269,80.239075,825.049107,1.739583,-109.865327,826.937500,1.226190,-109.715774,807.236607,0.953869,-109.613839,716.923363,718.447917,698.576637
abstract_0091.jpg,145.798026,146.072893,146.388762,133.144282,42.263219,157.998785,1333.600000,-0.203030,-84.057576,1336.450000,-0.101515,-83.829545,1338.268182,-0.434848,-83.296212,1249.339394,1252.518939,1254.537121
abstract_0092.jpg,139.816799,139.201058,137.767857,125.684054,40.812599,149.247910,1120.992063,-1.137566,-1.667989,1113.702381,-1.165344,-0.484788,1100.301587,-1.312169,0.526455,1118.186508,1112.052249,1099.515873
abstract_0093.jpg,128.158630,127.787561,126.585604,115.457331,37.430999,137.097079,1215.158333,-1.530556,-94.818056,1214.050000,-1.286111,-96.075000,1207.266667,-0.147222,-97.483333,1118.809722,1116.688889,1109.636111
abstract_0094.jpg,99.503858,99.762346,99.715278,90.751258,28.945671,107.707562,858.828704,-0.356481,-32.236883,861.805556,0.333333,-32.300926,862.893519,-0.770062,-32.448302,826.235340,829.837963,829.675154
abstract_0095.jpg,68.575690,74.195377,77.350485,69.694817,20.538576,82.528889,652.736607,0.888393,-52.069196,723.089286,-0.252976,-64.857143,764.397321,0.388393,-72.878720,601.555804,657.979167,691.906994
abstract_0096.jpg,78.430348,77.974295,75.566335,69.295116,23.359013,82.382189,574.220588,-1.874183,27.586634,584.897059,-5.102941,23.258251,582.117647,-4.490196,13.495050,599.933039,603.052368,591.122500
abstract_0097.jpg,91.594350,89.502825,84.310734,77.865028,27.565367,92.717062,1000.831081,0.155405,-134.084459,974.986486,-0.315315,-129.668919,910.256757,-2.774775,-117.912162,866.902027,845.002252,789.569820
abstract_0098.jpg,120.118615,119.698701,120.693506,109.612234,34.404234,130.030649,927.433673,-6.566327,12.071306,931.867347,-6.761905,10.335052,940.346939,-5.826531,9.742268,932.938653,935.440494,944.262676
abstract_0099.jpg,108.993003,107.737913,107.652036,97.982246,31.270617,116.291679,927.469697,-1.287879,-27.486005,919.890152,-0.077020,-28.480280,919.545455,-0.719697,-29.031807,898.695813,891.332851,889.793951
abstract_0100.jpg,170.494515,170.683544,170.706329,155.337747,49.491165,184.355544,1360.845000,0.065000,1.817340,1360.845000,-0.538333,2.475589,1359.190000,0.073333,3.186027,1362.727340,1362.782256,1362.449360
abstract_0101.jpg,86.567736,86.557041,85.523173,78.053538,25.422041,92.695865,644.058511,0.242908,25.415780,643.686170,-0.434397,24.977837,639.861702,-1.010638,22.370567,669.717199,668.229610,661.221631
abstract_0102.jpg,99.403270,99.438692,98.623978,89.927057,29.089782,106.774605,821.646739,0.777174,-13.901268,824.608696,1.601449,-16.094203,824.114130,1.820652,-18.265399,808.522645,810.115942,807.669384
abstract_0103.jpg,103.164729,103.439922,103.138243,93.922171,30.091098,111.485840,1098.119231,1.280769,-134.254522,1099.623077,0.535897,-133.714470,1097.000000,-0.094872,-135.207364,965.145478,966.444504,961.697764
abstract_0104.jpg,130.845059,131.650754,130.072027,118.712864,38.668124,140.982982,1018.170000,-1.943333,14.001667,1012.970000,-2.356667,19.805000,998.260000,-0.943333,21.383333,1030.228333,1030.418333,1018.700000
abstract_0105.jpg,128.496063,129.461286,131.261811,119.052133,36.985610,141.186588,986.941406,1.821615,18.694226,991.890625,0.427083,19.764436,1002.269531,-0.212240,21.208005,1007.457247,1012.082144,1023.265297
abstract_0106.jpg,75.971093,76.533875,77.130081,70.057209,22.010000,83.109702,706.835106,0.679078,-49.681900,712.739362,0.891844,-51.533154,718.000000,-0.648936,-51.584229,657.832285,662.098052,665.766834
abstract_0107.jpg,102.295471,103.117298,102.566444,93.456652,30.074781,110.948033,1043.289474,3.713450,-113.918879,1054.754386,1.795322,-116.696165,1058.241228,2.858187,-120.807522,933.084045,939.853542,940.291893
abstract_0108.jpg,80.365591,79.575682,79.562448,72.404739,23.081050,85.931679,716.387255,-0.455882,-38.251650,713.426471,-0.717320,-39.685644,712.098039,0.323529,-38.590759,677.679722,673.023507,673.830810
abstract_0109.jpg,117.474273,116.705444,116.603281,106.131462,33.876249,125.964236,1069.281250,1.117560,-64.859375,1056.633929,0.648810,-61.626488,1050.178571,0.452381,-58.877976,1005.539435,995.656250,991.752976
abstract_0110.jpg,80.520507,79.396719,78.680835,71.757054,23.246972,85.204385,669.424107,-0.947917,-13.118304,662.437500,-1.693452,-15.602679,656.852679,0.284226,-13.320685,655.357887,645.141369,643.816220
abstract_0111.jpg,139.555556,139.040799,138.599826,126.222856,40.458533,149.828924,1173.953125,-0.338542,-28.259549,1171.140625,-1.178819,-28.627604,1170.765625,-0.883681,-30.124132,1145.355035,1141.334201,1139.757813
abstract_0112.jpg,93.865019,92.548796,92.782003,84.380317,26.766857,100.129937,792.515152,-0.631313,-20.727273,767.878788,-0.603535,-13.954545,763.594697,-0.852273,-10.796086,771.156566,753.320707,751.946338
abstract_0113.jpg,85.029810,84.623306,84.308040,76.789675,24.638491,91.153568,774.601064,-2.728723,-43.692652,769.909574,-2.448582,-42.755376,768.553191,-3.014184,-42.516129,728.179688,724.705617,723.022878
abstract_0114.jpg,96.996198,96.993663,97.119138,88.350811,28.089265,104.848517,862.837121,-0.766414,-43.392045,860.178030,-0.536616,-42.009470,861.348485,-0.590909,-42.335859,818.678662,817.631944,818.421717
abstract_0115.jpg,98.957096,98.952145,99.216172,90.228630,28.614274,107.068977,1020.225490,-0.330065,-114.402640,1019.049020,0.369281,-113.714521,1018.764706,0.843137,-112.472772,905.492785,905.703779,907.135071
abstract_0116.jpg,130.331556,130.309333,130.341333,118.603573,37.779787,140.758400,1285.377660,0.157801,-121.240248,1284.143617,0.186170,-120.718972,1283.808511,0.276596,-120.432624,1164.295213,1163.610816,1163.652482
abstract_0117.jpg,73.296099,73.539894,73.918440,67.182500,21.209220,79.710780,677.404255,0.457447,-45.368794,680.340426,0.088652,-46.070922,682.718085,-0.104610,-45.687057,632.492908,634.358156,636.926418
abstract_0118.jpg,148.726898,149.402640,152.929868,138.390190,42.233325,164.035545,1191.455882,-0.763072,-1.928218,1198.318627,-1.566993,-2.882013,1223.357843,-2.178105,-1.648515,1188.764593,1193.869621,1219.531224
abstract_0119.jpg,127.231237,126.651792,125.203516,114.253820,37.177985,135.683245,1106.975806,1.830645,-45.278226,1102.020161,1.493280,-45.320565,1091.911290,1.583333,-45.918011,1063.528226,1058.192876,1047.576613
abstract_0120.jpg,97.345455,98.732323,98.579798,89.741172,28.679657,106.514990,871.065476,2.744048,-46.195783,877.446429,3.259921,-43.005020,874.851190,1.041667,-44.762048,827.613741,837.701329,831.130809
abstract_0121.jpg,115.132489,115.752743,116.037131,105.531224,33.480135,125.229097,845.320000,0.540000,35.410774,850.765000,0.248333,36.058923,856.755000,0.668333,34.686027,881.270774,887.072256,892.109360
abstract_0122.jpg,124.702517,124.786423,124.961861,113.676697,36.133677,134.902670,1209.263636,0.915152,-105.640909,1210.977273,0.689394,-106.223485,1212.036364,0.700000,-106.093939,1104.537879,1105.443182,1106.642424
abstract_0123.jpg,89.530069,89.477663,89.241409,81.261658,26.021761,96.456323,803.357143,-0.006803,-42.344502,803.403061,-0.175170,-42.601375,802.000000,-0.193878,-42.762887,761.005838,760.626517,759.043236
abstract_0124.jpg,133.094755,132.142978,131.400169,119.737572,38.551734,142.149882,1112.315000,0.625000,-22.396465,1097.645000,-0.661667,-20.586700,1086.820000,-0.376667,-19.373737,1090.543535,1076.396633,1067.069596
abstract_0125.jpg,76.338481,74.934363,76.326255,69.150676,21.299479,81.986950,610.242308,0.760256,-0.683974,590.042308,1.437179,3.236538,587.896154,-0.821795,11.873718,610.318590,594.716026,598.948077
abstract_0126.jpg,125.469357,126.134529,128.226457,116.225852,35.930516,137.815157,888.794643,-0.291667,57.680060,877.000000,-0.077381,66.038690,867.410714,-0.172619,79.154762,946.183036,942.961310,946.392857
abstract_0127.jpg,75.175676,75.193050,74.548263,67.980772,22.005869,80.718456,751.730769,-0.117949,-75.644872,753.373077,-0.416667,-75.741667,749.219231,-0.960256,-76.603205,675.967949,677.214744,671.655769
abstract_0128.jpg,122.151973,119.550798,118.662469,108.178279,34.945113,128.439731,832.410000,-3.120000,68.968333,820.310000,-4.456667,66.705000,820.875000,-4.185000,64.507500,898.258333,882.558333,881.197500
abstract_0129.jpg,125.675676,125.519247,125.164619,113.977821,36.510516,135.291269,1216.009804,-0.771242,-105.318627,1213.191176,-0.191176,-104.979575,1209.612745,-0.021242,-104.357026,1109.919935,1108.020425,1105.234477
abstract_0130.jpg,148.069630,147.958519,148.278519,134.863052,42.808770,160.038400,1311.096491,-1.578947,-63.564897,1306.964912,-0.228070,-62.532448,1311.973684,-0.716374,-63.898230,1245.952647,1244.204394,1247.359080
abstract_0131.jpg,118.973597,117.023574,115.413013,105.380165,34.436110,125.161433,979.893258,1.279026,-14.065443,969.365169,2.314607,-17.005650,962.626404,1.997191,-19.543315,967.106842,954.674126,945.080281
abstract_0132.jpg,95.040323,94.935484,95.190860,86.567500,27.452124,102.724409,989.063830,0.209220,-115.154122,988.000000,0.780142,-115.360215,989.015957,0.923759,-114.763441,874.118928,873.419927,875.176275
abstract_0133.jpg,102.519016,104.094705,103.579418,94.370634,30.347204,112.030664,937.343750,-1.299107,-58.649554,942.482143,-0.169643,-54.386905,947.825893,-0.004464,-59.399554,877.395089,887.925595,888.421875
abstract_0134.jpg,90.305965,91.583158,91.279298,83.131011,26.653312,98.678877,875.737500,-0.906944,-78.063025,891.025000,0.533333,-81.046218,883.783333,-0.216667,-78.948179,796.767530,810.512115,804.618487
abstract_0135.jpg,119.237918,118.379182,117.486989,107.109442,34.606543,127.171450,1113.349265,0.604167,-77.400617,1102.716912,0.028186,-76.798148,1095.371324,-1.410539,-77.251235,1036.552814,1025.946950,1016.709550
abstract_0136.jpg,102.294515,102.140928,101.335865,92.392751,29.870439,109.700354,850.855000,3.288333,-16.548822,854.285000,2.098333,-17.276094,855.640000,3.066667,-23.727273,837.594512,839.107239,834.979394
abstract_0137.jpg,105.123288,103.589954,101.164384,92.593215,30.793014,110.033717,1092.201087,-1.382246,-125.750906,1076.565217,0.177536,-123.677536,1055.880435,2.688406,-122.954710,965.067935,953.065217,935.614130
abstract_0138.jpg,136.156954,136.355866,136.011655,123.846333,39.649907,147.002735,1024.004630,0.217593,33.733796,1030.981481,-0.580247,30.370370,1032.879630,0.234568,28.322531,1057.956019,1060.771605,1061.436728
abstract_0139.jpg,51.028547,50.824517,50.183039,45.807691,14.937968,54.402955,427.500000,0.296667,-9.773333,415.290000,1.530000,-4.051667,405.955000,-0.225000,-0.752500,418.023333,412.768333,404.977500
abstract_0140.jpg,72.689139,74.460674,70.791011,65.227146,22.731191,77.628584,668.950893,-1.120536,-43.081101,697.647321,-1.183036,-50.590030,676.428571,-1.973214,-55.029762,624.749256,645.874256,619.425595
abstract_0141.jpg,110.229566,110.670220,110.538735,100.619176,32.135124,119.423909,823.652542,0.276836,29.007062,824.093220,0.437853,30.484463,825.419492,0.461864,29.365113,852.936441,855.015537,855.246469
abstract_0142.jpg,138.844203,138.888406,139.076087,126.517949,40.219457,150.142116,1254.767241,0.396552,-72.795652,1253.719828,0.297414,-72.080435,1254.250000,0.241379,-71.461594,1182.368141,1181.936807,1183.029785
abstract_0143.jpg,89.686703,91.900425,91.234366,83.169806,26.857602,98.746254,887.090580,-3.554348,-84.056159,890.568841,-2.071256,-77.005435,886.471014,-4.625604,-77.757246,799.480072,811.492150,804.088164
abstract_0144.jpg,84.144893,87.072842,85.836896,78.383484,25.634268,93.099351,815.948113,-0.338050,-72.010220,858.113208,-0.298742,-80.355346,869.174528,-0.536164,-90.840409,743.599843,777.459119,777.797956
abstract_0145.jpg,102.481107,101.267881,101.249663,92.141201,29.373333,109.355466,738.056452,-1.236559,40.401882,733.387097,-1.416667,36.986559,736.241935,-1.053763,35.956989,777.221774,768.956989,771.145161
abstract_0146.jpg,85.000000,85.000000,85.000000,77.350000,24.650000,91.800000,1020.000000,0.000000,-170.000000,1020.000000,0.000000,-170.000000,1020.000000,0.000000,-170.000000,850.000000,850.000000,850.000000
abstract_0147.jpg,115.066302,115.342457,115.338200,104.958698,33.450633,124.566618,1002.036232,1.562802,-41.658759,1002.891304,1.241546,-41.495742,1003.413043,0.664251,-41.366180,961.940275,962.637108,962.711115
abstract_0148.jpg,127.163134,127.649968,127.392421,115.983764,37.098330,137.666230,880.561538,3.669231,69.539744,884.592308,2.207692,69.098718,886.861538,2.535897,67.300000,953.770513,955.898718,956.697436
abstract_0149.jpg,132.988656,133.696335,134.430192,122.170026,38.544442,144.949773,1099.281250,-0.805556,-18.532986,1097.145833,-1.059028,-14.934028,1101.817708,-1.730903,-14.084201,1079.942708,1081.152778,1086.002604
abstract_0150.jpg,127.239744,127.155128,127.116026,115.684186,36.887109,137.297821,1108.476923,0.094872,-45.187179,1109.257692,0.060256,-45.945513,1110.438462,0.079487,-46.685897,1063.384615,1063.372436,1063.832051
abstract_0151.jpg,42.862537,84.305605,80.784661,74.288649,25.540118,88.374136,516.450704,-0.483568,-86.075117,1011.711268,-0.138498,-168.618545,969.683099,-0.776995,-161.613850,429.892019,842.954225,807.292254
abstract_0152.jpg,93.471576,93.248062,92.399871,84.270484,27.304877,100.063282,857.826923,2.565385,-55.201550,858.188462,2.678205,-55.321705,860.000000,1.192308,-59.958656,805.190757,805.544961,801.233651
abstract_0153.jpg,138.356554,138.357303,137.937079,125.615191,40.253888,149.106517,1205.508929,0.803571,-50.278274,1198.723214,0.092262,-47.019345,1197.138393,1.450893,-47.683780,1156.034226,1151.796131,1150.905506
abstract_0154.jpg,134.598367,135.426132,137.193022,124.456934,38.725843,147.603059,1086.684211,2.733918,-5.342183,1086.706140,2.975146,-1.997788,1095.324561,3.400585,-0.337758,1084.075946,1087.683499,1098.387388
abstract_0155.jpg,75.627486,75.347800,74.879445,68.243333,21.996052,81.019675,680.525000,0.746429,-38.076139,677.032143,0.855952,-37.427458,672.964286,0.369048,-37.370504,643.195289,640.460637,635.962830
abstract_0156.jpg,119.666667,119.480916,118.239822,107.871279,35.034205,128.096158,1125.340909,-1.333333,-82.720102,1131.837121,-0.950758,-86.954835,1124.098485,0.169192,-88.378499,1041.287474,1043.931529,1035.889178
abstract_0157.jpg,85.722543,85.791908,85.803468,78.078613,24.876069,92.664046,1024.170455,-0.185606,-169.423372,1024.494318,0.119318,-169.014368,1024.460227,0.289773,-168.594828,854.561477,855.599269,856.155172
abstract_0158.jpg,35.132644,34.312661,34.807063,31.565659,9.797407,37.433419,278.714286,-0.799320,1.688144,266.673469,-0.809524,4.466495,268.693878,-0.010204,4.617698,279.603110,270.330440,273.301371
abstract_0159.jpg,115.413125,114.839672,114.630127,104.359515,33.368464,123.867591,987.660714,0.464286,-32.389881,986.316964,0.596726,-34.127232,986.678571,0.568452,-34.744048,955.735119,952.786458,952.502976
abstract_0160.jpg,135.149554,135.258929,135.924851,123.545112,39.018653,146.585744,1133.674107,-1.186012,-26.314732,1136.477679,-0.120536,-27.710565,1142.750000,0.449405,-28.196429,1106.173363,1108.646577,1115.002976
abstract_0161.jpg,97.557858,96.244387,95.012953,86.732703,28.292617,103.008048,875.295918,7.275510,-47.862543,866.668367,4.603741,-49.085052,856.683673,1.078231,-46.259450,834.708886,822.187057,811.502455
abstract_0162.jpg,71.539931,71.410590,71.160590,64.811137,20.786571,76.933437,628.208333,1.302083,-30.184028,627.557292,1.543403,-30.981771,625.770833,1.743056,-30.881944,599.326389,598.118924,596.631944
abstract_0163.jpg,111.054863,111.710723,112.768911,102.386908,32.068071,121.451804,941.303922,-2.120915,-25.133663,940.745098,-0.147059,-21.851485,954.436275,-1.155229,-25.000825,914.049343,918.746554,928.280221
abstract_0164.jpg,118.335043,118.626496,119.090598,108.270342,34.257812,128.469333,1044.290816,-0.654762,-48.956633,1050.198980,-0.862245,-50.604592,1055.091837,-1.411565,-51.008503,994.679422,998.732143,1002.671769
abstract_0165.jpg,150.516959,151.326316,152.373099,138.429228,43.560129,164.227977,1034.423611,0.789352,84.989583,1047.520833,0.854167,81.774306,1068.881944,1.067130,74.871528,1120.202546,1130.149306,1144.820602
abstract_0166.jpg,129.259813,129.161371,129.381931,117.689034,37.388424,139.661907,1229.451493,0.742537,-97.717040,1226.876866,0.650498,-96.787935,1226.794776,0.685323,-95.838930,1132.476990,1130.739428,1131.641169
abstract_0167.jpg,103.964361,104.130678,104.333333,94.898749,30.135073,112.615150,1045.308333,-0.027778,-106.659722,1047.291667,-0.058333,-107.001389,1049.770833,-0.026389,-107.436806,938.620833,940.231944,942.307639
abstract_0168.jpg,105.013670,106.121977,107.125131,97.263176,30.464395,115.374132,726.537500,1.525000,55.602083,737.350000,1.704167,55.741667,747.725000,0.950000,55.658333,783.664583,794.795833,804.333333
abstract_0169.jpg,94.085664,93.993342,93.090990,84.911318,27.537798,100.827022,1061.010638,-0.212766,-154.437943,1060.640957,-0.057624,-154.441933,1054.547872,0.026596,-154.929965,906.359929,906.141401,899.644504
abstract_0170.jpg,90.291128,90.024978,89.095607,81.281464,26.395349,96.520655,930.112245,0.387755,-106.342784,925.943878,0.045918,-105.006873,919.250000,0.324830,-104.667526,824.157216,820.982923,814.907304
abstract_0171.jpg,81.617521,80.696581,81.331197,73.871774,23.205278,87.634615,649.679487,-0.713675,1.284188,624.352564,-0.006410,10.056624,617.108974,0.587607,16.772436,650.250000,634.402778,634.469017
abstract_0172.jpg,132.558559,132.196911,131.669241,119.935097,38.500682,142.371634,1210.996154,-0.255128,-75.540385,1207.930769,-0.946154,-75.437179,1203.107692,-1.430769,-74.630769,1135.200641,1131.547436,1127.046154
abstract_0173.jpg,85.909791,86.004400,86.334433,78.491727,24.838966,93.135578,781.342105,-0.254386,-47.061404,784.638158,-0.006579,-48.237939,790.085526,0.256579,-49.553728,734.026316,736.393640,740.788377
abstract_0174.jpg,88.391834,88.472882,87.936015,80.139884,25.823565,95.142693,663.923913,4.150966,22.179440,664.373188,4.699275,20.953163,661.163043,5.100242,19.236618,690.254320,690.025627,685.499903
abstract_0175.jpg,82.121756,80.785762,78.850965,72.180033,24.027658,85.778177,697.142857,-1.129630,-21.243386,677.575397,0.128307,-15.955688,655.162698,-2.003968,-13.267857,674.769841,661.748016,639.890873
abstract_0176.jpg,115.209524,115.292641,114.385281,104.290225,33.716147,123.826459,839.122449,-0.792517,41.986254,840.015306,-0.522109,42.354811,836.020408,-1.425170,39.209622,880.316186,881.848008,873.804860
abstract_0177.jpg,99.308547,99.555556,99.724786,90.712325,28.818650,107.648615,1004.852041,-0.028912,-105.053571,1008.168367,-0.045918,-105.725340,1010.683673,-0.176871,-106.267007,899.769558,902.397109,904.239796
abstract_0178.jpg,91.312438,91.321393,91.336318,83.112766,26.478577,98.638448,1016.184524,-0.156746,-142.891865,1016.279762,-0.125000,-142.899802,1016.440476,-0.059524,-142.922619,873.135913,873.254960,873.458333
abstract_0179.jpg,104.724105,104.170433,103.509416,94.338992,30.414341,112.001695,1102.738889,0.594444,-131.987828,1098.205556,-0.535185,-131.345506,1091.288889,-1.218519,-129.207865,971.345506,966.324865,960.862505
abstract_0180.jpg,81.115059,80.656514,80.122673,73.029078,23.555880,86.703316,795.855000,1.438333,-75.310606,788.780000,0.880000,-74.154882,783.465000,0.718333,-72.925084,721.982727,715.505118,711.258249
abstract_0181.jpg,145.586111,146.139815,143.207407,130.963870,43.289593,155.602370,1300.988889,-4.696296,-66.479630,1309.216667,-7.283333,-69.369444,1285.672222,-6.483333,-71.404630,1229.812963,1232.563889,1207.784259
abstract_0182.jpg,127.124352,127.055268,126.651123,115.341434,36.971313,136.912539,1088.372449,-1.096939,-36.817010,1084.790816,-1.596939,-35.954467,1074.979592,-1.615646,-33.259450,1050.458500,1047.239410,1040.104495
abstract_0183.jpg,49.073511,46.453739,39.804183,37.684708,15.532947,45.116375,304.435606,-0.071970,43.818813,290.890152,1.675505,41.785985,252.992424,1.441919,32.743687,348.182449,334.351641,287.178030
abstract_0184.jpg,114.855856,114.253153,114.390991,104.065477,33.090685,123.498162,1189.675532,0.232270,-134.787634,1188.186170,-0.239362,-136.862903,1190.909574,-0.512411,-137.830645,1055.120167,1051.083905,1052.566518
abstract_0185.jpg,98.148579,97.762920,96.833333,88.322842,28.639419,104.877468,875.150000,-0.973077,-44.730620,865.226923,-0.932051,-41.304264,852.842308,-0.675641,-38.041990,829.446303,822.990608,814.124677
abstract_0186.jpg,64.404566,63.010046,62.154338,56.748703,18.538183,67.400511,658.418478,1.371377,-71.711051,643.690217,1.092391,-68.564312,639.907609,1.067029,-70.368659,588.078804,576.218297,570.605978
abstract_0187.jpg,137.880208,137.276910,138.500000,125.765920,39.431146,149.188611,1163.458333,-2.805556,-30.333333,1160.859375,-1.682292,-32.691840,1169.067708,-0.359375,-31.296007,1130.319444,1126.485243,1137.412326
abstract_0188.jpg,158.522968,158.546525,158.616019,144.325289,45.956949,171.283062,1399.111111,-0.856481,-64.812207,1396.875000,-0.740741,-63.626761,1396.652778,-0.768519,-63.298122,1333.442423,1332.507499,1332.586137
abstract_0189.jpg,144.266667,145.437975,147.799156,133.977772,41.445046,158.867511,1323.085000,-0.358333,-84.229798,1274.530000,-0.760000,-55.865320,1280.430000,-0.540000,-49.244108,1238.496869,1217.904680,1230.645892
abstract_0190.jpg,134.157345,134.239374,134.975391,122.665682,38.701253,145.537897,1076.928571,-1.952381,-1.318452,1079.044643,-1.217262,-1.816964,1088.767857,-1.083333,-3.708333,1073.657738,1076.010417,1083.976190
abstract_0191.jpg,80.255444,80.155779,80.088777,72.895528,23.265946,86.517320,951.055000,4.128333,-155.465833,951.095000,3.825000,-155.849167,949.405000,3.558333,-155.284167,799.717500,799.070833,797.679167
abstract_0192.jpg,129.645740,129.658445,129.830344,118.107795,37.547661,140.161764,1177.665179,-0.430060,-70.357887,1177.415179,-0.385417,-70.152530,1178.151786,-0.377976,-69.864583,1106.877232,1106.877232,1107.909226
abstract_0193.jpg,74.926568,74.482673,74.829208,68.018342,21.492550,80.704653,528.235294,-2.297386,38.232673,524.593137,-2.406863,38.347360,525.387255,-2.014706,39.324257,564.170582,560.533634,562.696806
abstract_0194.jpg,139.761161,140.252976,140.654018,127.906927,40.549040,151.778006,1072.183036,-0.031250,22.877232,1072.214286,-0.023810,24.827381,1074.723214,-0.035714,25.010417,1095.029018,1097.017857,1099.697917
abstract_0195.jpg,104.482208,104.496732,104.662309,95.206275,30.252723,112.982309,1053.577586,-0.316092,-108.923188,1053.280172,-0.239943,-108.707971,1054.409483,-0.119253,-108.639855,944.338306,944.332259,945.650375
abstract_0196.jpg,59.436987,59.039523,58.713647,53.501111,17.222483,63.515019,470.455357,3.086310,3.480655,464.620536,2.995536,4.610863,458.754464,0.644345,5.877232,477.022321,472.226935,465.276042
abstract_0197.jpg,108.008921,108.226277,108.485807,98.664988,31.305166,117.081622,1088.081731,0.049679,-112.355178,1090.562500,0.318910,-112.613269,1093.562500,0.575321,-112.898058,975.776232,978.268142,981.239762
abstract_0198.jpg,72.112782,72.208020,71.699248,65.358246,21.098045,77.597995,579.305000,-1.705000,-1.564167,580.010000,-1.280000,-1.391667,577.410000,-0.990000,-0.741667,576.035833,577.338333,575.678333
abstract_0199.jpg,70.834593,70.289673,69.477750,63.403375,20.635701,75.295785,519.760000,-0.766667,24.726667,513.555000,-0.848333,25.100833,504.000000,1.090000,25.773333,543.720000,537.807500,530.863333
abstract_0200.jpg,107.050863,106.492280,105.018165,95.890836,31.339737,113.891335,942.695652,1.565217,-42.503623,937.331522,1.393116,-42.515399,923.239130,2.010870,-41.257246,901.757246,896.209239,883.992754
abstract_0201.jpg,85.175979,84.637765,85.423250,77.562351,24.301452,92.005755,769.861538,2.594872,-44.610256,769.030769,4.951282,-45.646154,785.807692,0.053846,-49.339744,727.846154,728.335897,736.521795
abstract_0202.jpg,100.550595,100.664435,100.764881,91.673943,29.161548,108.793929,1005.254464,0.022321,-100.444196,1006.691964,-0.093750,-100.707589,1008.410714,-0.148810,-101.145833,904.832589,905.890625,907.116071
abstract_0203.jpg,95.066044,94.763240,94.165732,85.822268,27.666567,101.890193,849.123134,0.028607,-44.453358,846.317164,0.098259,-44.291667,845.156716,0.166667,-45.866915,804.698383,802.123756,799.456468
abstract_0204.jpg,65.349850,65.454955,68.864865,61.916847,17.924865,73.282883,557.406250,0.995536,-16.406907,548.000000,0.642857,-10.548048,567.334821,1.203869,-6.189189,541.994879,538.094809,562.349501
abstract_0205.jpg,83.005267,82.082017,81.393529,74.219579,24.017216,88.125327,831.482143,1.339286,-84.292042,818.482143,1.500000,-81.185435,809.419643,1.803571,-79.120120,748.529387,738.796707,732.103094
abstract_0206.jpg,74.295713,75.877515,78.246719,70.683290,21.270026,83.748311,844.916667,-0.305556,-124.927083,864.130208,-0.008681,-128.191840,893.369792,0.203125,-133.297743,719.684028,735.929688,760.275174
abstract_0207.jpg,147.246436,147.640190,148.338086,134.834121,42.599308,159.981806,1144.689516,-0.364247,16.324526,1145.520161,1.200269,16.883469,1151.334677,1.103495,15.514905,1160.649795,1163.603899,1167.953077
abstract_0208.jpg,109.067961,109.982524,110.756634,100.618233,31.654958,119.369450,1073.603846,0.060256,-101.057494,1086.911538,0.337179,-104.033592,1091.488462,0.303846,-103.906977,972.606609,983.215126,987.885331
abstract_0209.jpg,141.929550,141.993477,142.118069,129.300033,41.139485,153.447645,1174.765625,0.567708,-18.151042,1175.968750,0.690104,-18.945313,1177.992188,0.700521,-19.808594,1157.182292,1157.713542,1158.884115
abstract_0210.jpg,107.695941,107.296075,106.100466,96.814458,31.486500,114.971098,1080.484127,-5.439153,-108.514550,1082.400794,-4.070106,-112.119709,1077.817460,-0.500000,-114.824074,966.530423,966.210979,962.493386
abstract_0211.jpg,144.404467,142.824648,140.963606,128.686311,41.996071,152.836228,1262.509804,-2.781046,-51.132838,1251.112745,-0.671569,-50.823432,1238.044118,0.066993,-52.020627,1208.595920,1199.617744,1186.090484
abstract_0212.jpg,167.111399,168.512953,168.319516,153.213316,48.928722,181.846978,1493.096939,-0.426871,-79.071306,1477.933673,-0.168367,-65.396048,1462.081633,-0.098639,-58.015464,1413.598762,1412.369258,1403.967529
abstract_0213.jpg,117.775895,115.790333,115.750157,105.341481,33.591651,125.023026,1118.481343,-2.411692,-88.572682,1107.141791,0.368159,-92.145990,1108.634328,0.154229,-92.191103,1027.496970,1015.363960,1016.597454
abstract_0214.jpg,89.463768,102.520034,104.127025,94.402055,29.232643,111.942950,846.704082,-0.312925,-66.297619,973.428571,-1.125850,-76.962585,1013.642857,-0.272109,-90.219388,780.093537,895.340136,923.151361
abstract_0215.jpg,101.137702,101.089269,96.751187,88.997958,30.660693,105.879468,689.988636,0.640152,61.448864,689.250000,-1.280303,60.390152,662.670455,-0.488636,55.524621,752.077652,748.359848,717.706439
abstract_0216.jpg,87.792717,87.660131,88.394024,80.277106,25.193931,95.230700,867.205556,0.079630,-82.349074,863.411111,-0.407407,-81.061111,865.727778,0.687037,-79.091667,784.936111,781.942593,787.323148
abstract_0217.jpg,80.860899,80.088210,79.477523,72.458897,23.414894,86.031145,763.740000,0.330000,-55.622896,749.290000,0.253333,-51.409091,741.370000,0.146667,-49.829966,708.447104,698.134242,691.686700
abstract_0218.jpg,112.896426,108.650620,102.482859,94.616309,33.420686,112.655171,1186.500000,-0.571839,-140.530435,1145.728448,0.443966,-138.116667,1088.853448,-0.839080,-133.601449,1045.397726,1008.055747,954.412919
abstract_0219.jpg,111.991935,112.017025,111.728495,101.736407,32.574382,120.759104,986.234043,-1.666667,-44.744624,989.856383,-2.154255,-45.745520,983.255319,-3.358156,-43.521505,939.822752,941.956608,936.375658
abstract_0220.jpg,101.310433,101.403732,101.220526,92.150984,29.463876,109.376794,1069.295000,0.311667,-129.271886,1073.535000,0.391667,-130.992424,1075.250000,0.390000,-132.654882,940.334781,942.934242,942.985118
abstract_0221.jpg,151.664430,150.595078,150.909769,137.258658,43.575019,162.881849,1330.031250,0.174107,-58.168899,1264.549107,0.843750,-29.817708,1269.799107,0.153274,-31.264137,1272.036458,1235.575149,1238.688244
abstract_0222.jpg,67.080749,67.133721,66.955426,60.968663,19.524050,72.368915,523.873077,-0.544872,7.639535,524.657692,-1.019231,7.365633,525.473077,-0.742308,5.479974,530.967740,531.004095,530.210743
abstract_0223.jpg,91.776042,91.103299,91.605903,83.250799,26.264149,98.773542,765.807292,1.192708,-15.141493,758.588542,0.387153,-14.039063,756.901042,-1.282986,-11.247396,751.858507,744.936632,744.370660
abstract_0224.jpg,136.072842,134.553444,134.159145,122.171568,39.142732,145.018052,1267.792453,-0.861635,-88.990566,1240.844340,0.231132,-81.606132,1239.377358,-0.138365,-82.477987,1177.940252,1159.469340,1156.761006
abstract_0225.jpg,98.942982,98.450877,100.822807,91.226930,27.815456,108.129614,1059.989583,-1.475694,-133.938596,1055.010417,-2.086806,-133.910526,1068.963542,-1.303819,-131.295614,924.575292,919.013085,936.364108
abstract_0226.jpg,61.748000,61.802667,61.145333,55.786867,18.126547,66.247307,519.710938,0.174479,-12.461640,518.289063,0.190104,-11.466931,512.656250,0.432292,-11.023810,507.423776,507.012235,502.064732
abstract_0227.jpg,80.179183,80.224638,79.949275,72.814420,23.350507,86.433333,808.722656,0.186198,-82.717192,810.472656,-0.863281,-83.231627,808.281250,-2.854167,-83.052493,726.191663,726.377748,722.374590
abstract_0228.jpg,112.225780,112.121511,112.584565,102.350082,32.371691,121.443153,1159.166667,0.071895,-131.112745,1154.691176,-1.063725,-129.288399,1157.735294,-0.323529,-128.674837,1028.125817,1024.339052,1028.736928
abstract_0229.jpg,84.502110,84.502110,84.502110,76.896920,24.505612,91.262278,1014.000000,0.020000,-169.003367,1014.000000,0.020000,-169.003367,1014.000000,0.006667,-169.003367,845.016633,845.016633,845.003300
abstract_0230.jpg,104.713530,104.507181,93.565382,87.551693,33.699040,104.551988,1136.120536,0.099702,-150.167417,1134.901786,-0.306548,-150.782282,1070.540179,0.486607,-160.985736,986.052821,983.812956,910.041050
abstract_0231.jpg,85.759450,86.594502,86.940722,79.039888,25.005077,93.785189,729.188776,-0.022109,-22.351375,737.071429,0.421769,-22.551546,743.127551,-0.569728,-24.969931,706.815292,714.941651,717.587892
abstract_0232.jpg,151.380570,151.584670,151.334225,137.769242,44.037193,163.521105,1144.090426,2.260638,35.899823,1145.335106,2.590426,36.993794,1144.021277,2.489362,34.705674,1182.250887,1184.919326,1181.216312
abstract_0233.jpg,148.351816,148.615679,149.009560,135.512046,42.976444,160.804283,1293.022727,-0.532828,-53.829517,1298.958333,-0.978535,-55.596692,1301.310606,-0.388889,-55.305980,1238.660382,1242.383106,1245.615738
abstract_0234.jpg,77.972807,78.581579,78.398246,71.382737,22.845491,84.728772,744.395833,-0.076389,-60.655263,753.895833,-0.107639,-63.021930,754.578125,-0.380208,-63.926316,683.664181,690.766265,690.271601
abstract_0235.jpg,100.146905,99.847875,99.391499,90.546667,29.097360,107.488859,977.058036,0.043155,-88.304315,975.834821,-0.840774,-88.514137,973.816964,-0.188988,-89.017113,888.796875,886.479911,884.610863
abstract_0236.jpg,128.914798,127.941704,126.199552,115.224865,37.643161,136.853004,991.004464,-0.257440,20.290923,985.031250,-0.156250,19.173363,972.687500,-0.000000,18.316964,1011.037946,1004.048363,991.004464
abstract_0237.jpg,142.093385,141.529183,140.607652,128.155700,41.329137,152.151154,1069.015385,0.115385,31.989664,1068.150000,0.155128,30.115633,1069.546154,0.164103,25.994832,1101.120433,1098.420761,1095.705088
abstract_0238.jpg,107.205071,107.153617,107.302759,97.612699,31.028315,115.839254,987.058036,1.418155,-63.997768,988.995536,1.379464,-65.564732,989.937500,1.321429,-65.816964,924.478423,924.810268,925.441964
abstract_0239.jpg,126.665816,126.707483,126.691327,115.292662,36.750179,136.831803,1224.693878,-0.173469,-105.710884,1225.362245,-0.280612,-105.856293,1225.448980,-0.210884,-105.955782,1118.809524,1119.225340,1119.282313
abstract_0240.jpg,48.825249,48.850746,49.090796,44.619813,14.092301,52.941244,585.902985,-0.490050,-97.650498,586.208955,-0.457711,-97.701493,589.089552,-0.383085,-98.181592,487.762438,488.049751,490.524876
abstract_0241.jpg,122.383244,121.828877,121.946524,110.945455,35.293904,131.664599,1226.515957,0.161348,-123.784574,1217.414894,0.301418,-121.512411,1218.101064,0.544326,-121.488475,1102.892730,1096.203901,1097.156915
abstract_0242.jpg,93.451499,94.344797,94.025573,85.633501,27.458951,101.649771,869.770833,0.142361,-64.291228,886.901042,-0.092014,-67.871053,889.104167,0.277778,-68.792982,805.621966,818.937975,820.588962
abstract_0243.jpg,117.577836,117.365875,117.117854,106.631812,34.112990,126.566649,1048.526042,-0.074653,-55.078070,1049.520833,0.572917,-56.035965,1047.171875,-0.147569,-55.694737,993.373319,994.057785,991.329569
abstract_0244.jpg,81.587021,81.766962,81.787611,74.422183,23.706018,88.324012,881.693662,-0.379108,-114.324531,884.176056,-0.678404,-114.902582,885.950704,-0.539906,-115.750000,766.990023,768.595070,769.660798
abstract_0245.jpg,149.000000,160.171111,175.576296,156.385289,41.674015,184.692741,1241.127193,-2.343567,-23.224926,1347.337719,1.960526,-33.612832,1458.328947,0.033626,-24.791298,1215.558699,1315.685414,1433.571275
abstract_0246.jpg,120.082492,119.298822,122.281145,110.619731,33.672138,131.109293,1027.575000,-1.728333,-34.889731,1013.375000,-0.998333,-30.369529,1023.280000,-3.110000,-24.801347,990.956936,982.007138,995.368653
abstract_0247.jpg,91.800363,83.425287,75.479734,70.434580,26.656455,84.060690,1005.090580,0.677536,-134.993357,885.974638,0.740338,-109.082729,740.257246,1.346618,-68.054952,870.774758,777.632246,673.548913
abstract_0248.jpg,117.861380,117.377176,117.368150,106.807002,34.042179,126.760490,1084.142308,0.093590,-70.359615,1102.534615,0.085897,-81.619872,1100.923077,-0.069231,-80.764103,1013.876282,1021.000641,1020.089744
abstract_0249.jpg,97.491039,96.682796,97.357527,88.446909,27.828844,104.930215,845.468085,-2.223404,-32.637097,843.430851,-2.661348,-33.879928,852.335106,-2.079787,-35.590502,810.607584,806.889575,814.664817
abstract_0250.jpg,122.946459,122.937824,122.909326,111.853756,35.660803,132.751192,1173.173469,0.010204,-95.032646,1173.535714,-0.304422,-95.103952,1173.647959,-0.528912,-95.253436,1078.151027,1078.127341,1077.865611
abstract_0251.jpg,85.000000,85.000000,85.000000,77.350000,24.650000,91.800000,1020.000000,0.000000,-170.000000,1020.000000,0.000000,-170.000000,1020.000000,0.000000,-170.000000,850.000000,850.000000,850.000000
abstract_0252.jpg,98.176779,98.425468,100.526592,91.016951,27.892037,107.896360,755.258929,-0.803571,15.147321,754.419643,-0.866071,16.602679,766.464286,-0.785714,19.479167,769.602679,770.156250,785.157738
abstract_0253.jpg,106.935733,106.284490,106.203942,96.663308,30.847472,114.726033,1147.158163,0.382653,-144.893707,1145.683673,1.163265,-147.583333,1145.122449,0.642857,-147.642857,1002.647109,999.263605,998.122449
abstract_0254.jpg,138.289007,137.800532,137.515957,125.202128,40.050372,148.608298,1228.074468,3.585106,-61.742908,1230.547872,2.367021,-66.484929,1227.803191,1.781915,-65.584220,1169.916667,1166.429965,1164.000887
abstract_0255.jpg,105.180929,105.129584,104.920945,95.523961,30.552258,113.381385,1060.927885,-0.966346,-109.301780,1056.466346,-0.389423,-108.010518,1052.572115,-0.783654,-106.795307,950.659759,948.066405,944.993154
abstract_0256.jpg,151.679438,151.555556,151.311622,137.747241,44.026731,163.494610,1321.318182,0.732323,-55.688295,1322.753788,0.715909,-57.079517,1321.636364,-0.260101,-57.249364,1266.362210,1266.390180,1264.126899
abstract_0257.jpg,116.190041,115.061992,116.890244,105.967907,32.801220,125.656423,927.804878,-1.841463,1.410569,917.457317,-2.331301,1.114837,924.756098,-0.991870,4.463415,927.373984,916.240854,928.227642
abstract_0258.jpg,88.123389,88.156538,88.228361,80.272007,25.543131,95.263646,925.815217,-2.478261,-110.111722,926.277174,-3.226449,-110.178571,927.277174,-3.788043,-110.343407,813.225235,812.872153,813.145724
abstract_0259.jpg,76.908076,77.450172,79.030928,71.570378,21.970515,84.847560,737.331633,0.732993,-63.981959,743.586735,-1.042517,-64.025773,752.219388,-0.998299,-60.810997,674.082667,678.518444,690.410092
abstract_0260.jpg,88.760132,91.043838,91.682382,83.290488,26.204764,98.812639,974.514706,-0.308824,-130.676568,1002.897059,-0.488562,-135.833333,1009.063725,-1.138889,-136.404290,843.529315,866.575163,871.520546
abstract_0261.jpg,91.492280,90.803815,90.162579,82.189019,26.531889,97.580781,806.173913,-2.706522,-36.673913,808.467391,-2.079710,-41.096014,803.516304,-2.324275,-41.078804,766.793478,765.291667,760.113225
abstract_0262.jpg,94.406114,93.995633,93.926492,85.488319,27.280167,101.462737,853.025862,0.166667,-49.178261,847.150862,0.102011,-48.070290,846.732759,-0.109195,-48.013043,804.014268,799.182584,798.610520
abstract_0263.jpg,92.417978,89.172285,92.056180,83.136667,24.965955,98.497828,797.821429,0.321429,-28.729167,806.620536,-0.855655,-46.796875,861.790179,0.013393,-63.762649,769.413690,758.968006,798.040923
abstract_0264.jpg,92.572285,92.941573,93.046442,84.649191,26.920547,100.456599,1014.093750,-0.715774,-136.539435,1018.651786,-1.020833,-137.200893,1018.875000,-0.669643,-137.032738,876.838542,880.430060,881.172619
abstract_0265.jpg,128.651332,129.401130,129.771590,118.010646,37.411485,140.034770,874.605769,1.189103,76.828526,877.562500,1.129808,78.159455,879.096154,1.336538,79.397436,952.623397,956.851763,959.830128
abstract_0266.jpg,105.447669,104.533861,103.635884,94.506209,30.593193,112.214107,915.343750,1.052083,-35.537719,905.265625,0.821181,-34.264035,896.239583,0.559028,-33.419298,880.858114,871.822770,863.379313
abstract_0267.jpg,99.348203,99.048327,101.310409,91.694814,28.022770,108.691375,1105.106618,0.484069,-155.980864,1103.327206,0.537990,-156.277160,1116.562500,0.415441,-154.146296,949.609822,947.588036,962.831645
abstract_0268.jpg,67.862963,68.543386,69.441799,62.994386,19.599074,74.709651,458.990506,-0.752110,42.324367,460.297468,-0.721519,44.150844,463.069620,-1.293249,46.055907,500.562764,503.726793,507.832278
abstract_0269.jpg,56.012153,55.970486,55.777778,50.800174,16.291181,60.301667,447.005208,0.428819,0.790799,447.828125,0.359375,0.111979,448.489583,0.281250,-1.199653,448.224826,448.299479,447.571181
abstract_0270.jpg,150.710297,151.497382,152.757417,138.732042,43.543630,164.574799,1288.513889,-2.145833,-42.314815,1292.479167,-0.932870,-39.730324,1297.690972,-1.193287,-37.811921,1244.053241,1251.815972,1258.685764
abstract_0271.jpg,142.058672,142.139265,142.010961,129.258201,41.260161,153.412895,1125.380769,-0.837179,4.687821,1133.769231,-0.469231,0.807692,1134.719231,0.134615,0.077564,1129.231410,1134.107692,1134.931410
abstract_0272.jpg,107.486842,107.007018,106.866667,97.279544,31.075544,115.460912,1082.630208,-0.258681,-111.138596,1076.302083,-0.256944,-110.078947,1074.411458,-0.286458,-109.853509,971.232931,965.966192,964.271491
abstract_0273.jpg,80.420569,80.374656,80.219467,73.033857,23.356758,86.686685,898.853261,-0.288043,-127.792125,898.402174,-0.275362,-127.712454,896.510870,-0.289855,-127.342491,770.773093,770.414357,768.878524
abstract_0274.jpg,85.000000,85.000000,85.000000,77.350000,24.650000,91.800000,1020.000000,0.000000,-170.000000,1020.000000,0.000000,-170.000000,1020.000000,0.000000,-170.000000,850.000000,850.000000,850.000000
abstract_0275.jpg,77.634686,77.078721,76.153752,69.503407,22.639569,82.542042,693.095588,0.002451,-35.944853,693.860294,-0.112745,-38.623775,690.080882,0.360294,-40.420343,657.153186,655.123775,650.020833
abstract_0276.jpg,101.499104,101.652330,101.819892,92.619238,29.427231,109.911864,1082.143617,-0.267730,-135.297491,1083.984043,-0.299645,-135.609319,1086.021277,-0.358156,-136.028674,946.578395,948.075078,949.634447
abstract_0277.jpg,108.207043,108.299332,108.029751,98.366381,31.490376,116.758397,836.217391,-0.268116,15.057971,834.949275,-0.403382,16.269324,831.760870,-0.239130,16.805556,851.007246,850.815217,848.327295
abstract_0278.jpg,134.353423,134.581101,134.694196,122.546838,38.993460,145.433542,1266.200893,0.840774,-95.500744,1267.794643,0.479167,-95.299107,1267.714286,0.247024,-95.011905,1171.540923,1172.974702,1172.949405
abstract_0279.jpg,117.410761,117.271654,116.930446,106.481772,34.114554,126.394068,1053.296875,-0.583333,-57.302493,1057.128906,-0.287760,-60.000000,1056.074219,-0.201823,-60.774278,995.411048,996.841146,995.098118
abstract_0280.jpg,108.325843,108.281648,108.141573,98.439648,31.445101,116.837723,1030.125000,-0.997024,-81.633929,1029.312500,-0.011905,-81.572917,1027.866071,1.011905,-81.483631,947.494048,947.727679,947.394345
abstract_0281.jpg,104.087684,102.542838,104.311914,94.534645,29.189009,112.090763,1009.198413,0.875661,-90.500000,982.555556,0.370370,-84.136000,1001.876984,0.070106,-85.332667,919.574074,898.789926,916.614423
abstract_0282.jpg,154.682763,154.936955,155.018109,141.048625,44.906559,167.393588,1350.587302,0.449735,-58.490667,1351.238095,0.497354,-57.576000,1352.571429,0.563492,-57.621333,1292.546370,1294.159450,1295.513587
abstract_0283.jpg,96.785235,94.467562,93.756898,85.475123,27.615899,101.484862,888.477679,-0.117560,-57.052827,856.937500,0.568452,-51.028274,844.397321,3.120536,-47.274554,831.307292,806.477679,800.243304
