file name,c_H_1,c_H_2,c_H_3,c_S_1,c_S_2,c_S_3,c_V_1,c_V_2,c_V_3,Sum_H,Sum_S,Sum_V
abstract_0001.jpg,781.5875000000002,1.6833333333333365,121.0729166666667,773.7687500000003,2.4062499999999956,117.57187500000003,764.5437500000002,2.5854166666666663,115.65520833333336,904.3437500000002,893.7468750000003,882.7843750000002
abstract_0002.jpg,1021.3724489795921,1.2499999999999984,-21.385738831615125,1015.933673469388,0.467687074829932,-18.73969072164949,1017.0000000000003,0.30612244897959523,-17.319587628865985,1001.2367101479771,997.6616698225685,999.986534820114
abstract_0003.jpg,733.2187500000002,-2.48363095238095,-26.88764880952382,729.964285714286,-2.8809523809523867,-26.633928571428584,707.6473214285717,-0.7604166666666684,-17.67038690476191,703.8474702380954,700.449404761905,689.2165178571431
abstract_0004.jpg,959.2053571428575,-1.6190476190476197,-34.593750000000014,962.1651785714288,-1.700892857142858,-34.81026785714287,962.5178571428575,-1.44642857142858,-36.568452380952394,922.9925595238099,925.654017857143,924.5029761904765
abstract_0005.jpg,801.1607142857146,-0.020833333333334095,-70.35416666666669,800.4776785714288,-0.1235119047619068,-70.40401785714288,801.0178571428575,-0.20535714285714024,-70.40476190476193,730.7857142857144,729.950148809524,730.4077380952384
abstract_0006.jpg,1307.1265822784815,0.5042194092827007,-61.19620253164559,1300.0284810126586,0.45675105485232637,-58.359177215189895,1294.2405063291144,0.6223628691983131,-54.53586497890297,1246.4345991561186,1242.126054852321,1240.3270042194097
abstract_0007.jpg,807.9656862745101,1.6290849673202608,6.573432343234325,803.730392156863,2.1094771241830097,6.989273927392742,807.1421568627454,2.2042483660130676,8.144389438943897,816.1682035850647,812.8291432084388,817.4907946677024
abstract_0008.jpg,898.4207317073174,0.33536585365853844,-17.82215447154472,880.4573170731711,0.9207317073170724,-19.23882113821139,882.1097560975613,0.7967479674796729,-20.16463414634147,880.9339430894312,862.1392276422768,862.7418699186995
abstract_0009.jpg,1087.338607594937,-3.5453586497890295,-55.387658227848114,1079.2943037974687,-3.3976793248945127,-52.74736286919833,1066.1803797468358,-3.8744725738396633,-52.12921940928272,1028.4055907173,1023.1492616033757,1010.1766877637133
abstract_0010.jpg,1240.333333333334,-0.3137254901960778,-55.32679738562093,1238.7598039215693,-0.2500000000000014,-55.28022875816995,1236.64705882353,-0.00653594771242731,-55.22549019607845,1184.692810457517,1183.2295751633994,1181.4150326797392
abstract_0011.jpg,873.5380434782612,-0.012681159420293768,18.125457875457883,876.7989130434786,0.05615942028985641,19.97161172161173,876.3586956521742,0.3297101449275398,20.61355311355312,891.6508201942988,896.8266841853801,897.3019589106549
abstract_0012.jpg,1104.5326086956527,0.47463768115942045,-45.50790754257908,1102.7500000000005,-0.07850241545893664,-45.662408759124105,1101.4130434782612,0.7971014492753628,-45.27493917274941,1059.4993388342332,1057.0090888254176,1056.9352057547871
abstract_0013.jpg,899.6714285714288,0.754761904761899,61.90887290167868,892.7571428571431,-0.3190476190476196,62.952038369304574,882.2035714285718,-1.6130952380952364,62.26798561151081,962.3350633778695,955.3901336074,942.8584618019873
abstract_0014.jpg,979.7180851063833,5.1507092198581566,-47.29838709677421,980.2127659574471,4.138297872340425,-47.338709677419374,984.2606382978727,5.140070921985818,-46.28584229390683,937.5704072294673,937.0123541523682,943.1148669259517
abstract_0015.jpg,1185.5468750000007,3.689236111111111,-129.90017361111117,1164.8958333333337,1.9548611111111134,-122.76388888888894,1113.0989583333337,-1.8732638888888913,-119.49565972222227,1059.3359375000007,1044.0868055555559,991.7300347222225
abstract_0016.jpg,701.4200000000003,0.5400000000000017,20.410000000000007,702.7550000000003,0.5816666666666651,20.827500000000008,707.6300000000003,-0.23333333333333475,22.831666666666674,722.3700000000002,724.164166666667,730.2283333333337
abstract_0018.jpg,938.7812500000002,-1.084821428571433,-12.829613095238098,941.5178571428575,-0.9285714285714289,-16.059523809523814,944.0982142857146,-1.5892857142857102,-14.278273809523816,924.8668154761907,924.5297619047622,928.230654761905
abstract_0019.jpg,905.4508928571431,0.19791666666666372,-98.92038690476195,908.6919642857146,0.26339285714285476,-99.57366071428574,910.5535714285717,0.3154761904761849,-100.20535714285718,806.7284226190478,809.3816964285717,810.6636904761906
abstract_0020.jpg,1284.0200000000007,-0.5000000000000094,-52.81333333333335,1282.6500000000005,-0.9633333333333444,-52.10166666666668,1281.9450000000006,-0.8316666666666678,-52.16083333333334,1230.7066666666674,1229.5850000000005,1228.9525000000006
abstract_0021.jpg,1042.8883928571433,0.04613095238095483,-80.72544642857144,1045.120535714286,0.47767857142856734,-81.2700892857143,1047.9196428571431,0.3005952380952416,-81.70386904761907,962.2090773809529,964.3281250000003,966.5163690476193
abstract_0022.jpg,1409.8906250000005,-0.572916666666662,-3.9391534391534377,1412.6562500000005,0.12500000000000414,-4.380952380952381,1421.7109375000007,0.3411458333333323,1.7367724867724932,1405.3785548941803,1408.4002976190482,1423.7888558201064
abstract_0023.jpg,963.4732142857146,0.15178571428571314,-98.43005952380955,963.6026785714288,0.028273809523811394,-98.47247023809526,963.964285714286,-0.13988095238095305,-98.30059523809528,865.1949404761907,865.1584821428573,865.5238095238097
abstract_0025.jpg,988.5646551724141,0.5502873563218391,-122.69782608695657,1011.6681034482762,-0.26580459770114995,-126.62246376811598,1002.7456896551727,0.21408045977011314,-124.38623188405802,866.4171164417794,884.779835082459,878.5735382308848
abstract_0026.jpg,1074.1048387096776,-3.0349462365591418,-91.73441734417348,1048.3427419354841,-2.8454301075268766,-84.4668021680217,1036.7500000000005,-1.698924731182795,-81.20054200542008,979.335475128945,961.0305096599355,953.8505332633976
abstract_0027.jpg,537.8000000000002,-0.9733333333333348,8.526666666666669,603.5200000000003,-0.6566666666666673,-43.63666666666668,639.9450000000003,0.41500000000000115,-49.33083333333335,545.3533333333335,559.226666666667,591.0291666666669
abstract_0028.jpg,640.3673469387758,3.0986394557823123,-27.94759450171822,636.5306122448981,2.625850340136057,-29.452749140893477,657.0153061224493,2.88605442176871,-25.74484536082475,615.5183918928399,609.7037134441406,634.1565151833931
abstract_0029.jpg,1071.0810810810815,0.3333333333333398,-89.03603603603607,1063.5540540540544,3.1171171171171284,-89.28153153153157,1047.4391891891896,3.2094594594594636,-88.34797297297301,982.3783783783787,977.3896396396401,962.300675675676
abstract_0030.jpg,1005.6179245283022,0.5707547169811301,-25.222484276729567,1006.3301886792456,0.5566037735849086,-25.32547169811322,1008.3349056603777,0.6116352201257863,-25.43632075471699,980.9661949685537,981.5613207547173,983.5102201257864
abstract_0031.jpg,762.5390625000002,0.44010416666666413,35.08723958333334,761.8710937500002,0.09505208333333078,34.65950520833334,759.6953125000002,0.35677083333333304,34.63151041666667,798.0664062500002,796.625651041667,794.6835937500002
abstract_0032.jpg,1364.2000000000005,-0.1555555555555591,-39.257703081232506,1349.6666666666672,-0.2805555555555542,-28.218487394957993,1353.4583333333337,-0.1888888888888845,-21.754901960784316,1324.7867413632125,1321.1676237161537,1331.5145424836605
abstract_0033.jpg,924.0324074074077,2.489197530864201,-9.650462962962967,925.2546296296299,1.5077160493827155,-9.406635802469138,921.5370370370373,1.033950617283953,-9.929012345679018,916.871141975309,917.3557098765434,912.6419753086423
abstract_0034.jpg,885.069230769231,0.08205128205128191,-18.846253229974163,882.8076923076925,0.3897435897435912,-18.559431524547808,874.8961538461541,0.49615384615384267,-19.14534883720931,866.3050288213082,864.6380043728883,856.2469588550986
abstract_0035.jpg,998.5044642857146,-0.16517857142856787,-129.47972972972977,1001.2633928571431,0.18303571428571175,-130.06681681681687,1011.6339285714288,-0.3273809523809569,-131.6576576576577,868.8595559845562,871.3796117546119,879.6488899613901
abstract_0036.jpg,652.561224489796,-0.3095238095238109,-66.41408934707906,654.0051020408165,-0.43367346938775586,-66.61254295532649,656.6020408163268,-0.3945578231292565,-66.9982817869416,585.8376113331931,586.9588856161023,589.209201206256
abstract_0037.jpg,1143.4322916666672,1.0572916666666692,-23.57719298245615,1139.4114583333337,0.9809027777777798,-22.085964912280712,1131.6718750000007,0.3315972222222241,-19.155263157894744,1120.9123903508778,1118.3063961988307,1112.848209064328
abstract_0038.jpg,811.4130434782611,-0.29227053140096176,-28.02919708029198,794.7826086956524,-1.5942028985507266,-28.88625304136254,792.9202898550727,2.2560386473429923,-26.67153284671534,783.0915758665682,764.302152755739,768.5047956557004
abstract_0039.jpg,1152.3900000000003,-1.596666666666673,-97.11111111111114,1150.5800000000004,-2.3433333333333346,-97.38552188552191,1151.5550000000005,-0.10500000000000465,-99.15151515151517,1053.6822222222227,1050.8511447811452,1052.2984848484853
abstract_0040.jpg,563.7118644067799,2.649717514124297,-49.92877492877495,572.6440677966104,0.16101694915254205,-47.25925925925928,580.4661016949156,2.2372881355932224,-45.793447293447315,516.4328069921293,525.5458254865038,536.9099425370614
abstract_0041.jpg,1372.223214285715,0.49999999999999745,-90.45684523809526,1372.9687500000005,0.7247023809523827,-90.80729166666669,1372.4464285714291,0.9791666666666697,-91.07440476190479,1282.2663690476197,1282.886160714286,1282.351190476191
abstract_0042.jpg,631.7700000000003,1.4433333333333336,-66.56500000000003,628.5850000000003,1.508333333333336,-63.93416666666669,625.0100000000003,2.416666666666668,-60.84500000000003,566.6483333333337,566.1591666666669,566.5816666666669
abstract_0043.jpg,1063.9196428571433,1.2619047619047594,-103.14434523809528,1059.776785714286,1.119047619047626,-103.4508928571429,1057.7678571428576,0.002976190476188615,-101.1101190476191,962.0372023809529,957.4449404761908,956.6607142857147
abstract_0044.jpg,463.4419642857144,0.15922619047618833,-8.573660714285717,456.9553571428573,0.29761904761904806,-7.349702380952384,449.62053571428584,0.13244047619047564,-8.055803571428575,455.0275297619049,449.9032738095239,441.69717261904776
abstract_0045.jpg,889.0269230769233,-0.9935897435897462,16.470930232558146,884.8307692307694,-1.4564102564102515,15.475452196382435,880.8884615384618,-1.0551282051282054,14.72416020671835,904.5042635658917,898.8498111707416,894.557493540052
abstract_0046.jpg,1054.7105263157898,-0.035087719298245425,-164.1991150442478,1054.4736842105265,0.040935672514620214,-164.16224188790562,1052.008771929825,0.043859649122806904,-164.5737463126844,890.4763235522438,890.3523779951356,887.4788852662633
abstract_0047.jpg,1176.0750000000005,0.8083333333333417,-68.76250000000003,1172.9500000000005,-0.2899999999999935,-68.42833333333336,1168.1600000000005,-0.8099999999999994,-67.40333333333336,1108.1208333333338,1104.2316666666673,1099.9466666666672
abstract_0048.jpg,879.5482456140353,0.3874269005847984,-101.29203539823013,877.0789473684213,0.22807017543859937,-100.35176991150446,875.9122807017546,0.09356725146199267,-99.46828908554576,778.64363711639,776.9552476323554,776.5375588676709
abstract_0049.jpg,1006.9687500000002,-0.3020833333333284,-35.41741071428572,1006.0223214285717,-0.29017857142857395,-34.72991071428573,1005.8571428571431,-0.35416666666666474,-34.440476190476204,971.2492559523812,971.0022321428573,971.0625000000002
abstract_0050.jpg,1258.2333333333336,0.7814814814814788,-3.250000000000001,1256.383333333334,0.2796296296296303,-3.1972222222222237,1252.6388888888894,0.17592592592592846,-1.8694444444444445,1255.764814814815,1253.4657407407412,1250.9453703703707
abstract_0051.jpg,1007.7028301886795,2.199685534591194,-105.16430817610065,1007.5235849056606,2.48899371069183,-104.9111635220126,1006.297169811321,1.8537735849056594,-104.87971698113209,904.73820754717,905.1014150943399,903.2712264150946
abstract_0052.jpg,949.0510204081636,-1.1666666666666694,-16.156357388316156,960.1581632653064,-1.9948979591836813,-23.274054982817876,973.6887755102043,-2.3316326530612206,-30.22938144329898,931.7279963531809,934.8892103233047,941.1277614138442
abstract_0053.jpg,642.505434782609,-0.07065217391304121,5.278079710144931,642.239130434783,0.07246376811594119,5.028985507246377,642.880434782609,0.6123188405797081,4.867753623188407,647.7128623188408,647.3405797101453,648.3605072463771
abstract_0054.jpg,813.214285714286,0.06845238095238158,-79.79761904761907,818.7812500000002,0.1473214285714345,-80.9635416666667,822.2633928571431,0.4479166666666685,-83.00223214285717,733.4851190476194,737.9650297619049,739.7090773809525
abstract_0055.jpg,915.0669642857146,-2.66517857142857,-85.81770833333337,894.2723214285717,-1.8645833333333361,-82.86383928571432,884.5446428571431,2.372023809523811,-79.53125000000003,826.5840773809526,809.543898809524,807.385416666667
abstract_0056.jpg,1067.6833333333336,-0.027777777777779594,-32.67777777777778,1066.1625000000006,0.35138888888889197,-32.26597222222223,1065.9750000000004,0.09444444444444132,-33.45416666666667,1034.977777777778,1034.2479166666674,1032.6152777777781
abstract_0057.jpg,525.089285714286,0.25297619047619063,-10.35714285714286,511.8214285714287,-0.33333333333333487,-1.5297619047619047,496.4866071428574,0.501488095238094,1.0409226190476177,514.9851190476193,509.9583333333335,498.02901785714306
abstract_0058.jpg,466.2500000000001,0.07142857142857117,-21.863095238095244,416.3526785714287,-0.272321428571429,-9.984375000000004,403.39732142857156,-0.968750000000001,-5.429315476190477,444.4583333333334,406.0959821428573,396.9992559523811
abstract_0059.jpg,984.4598214285717,0.04910714285714827,-17.136160714285722,984.0982142857147,-0.6011904761904768,-17.781250000000007,988.8839285714288,-0.5565476190476314,-19.105654761904766,967.3727678571431,965.7157738095242,969.2217261904764
abstract_0060.jpg,870.5000000000002,-1.3692307692307686,-24.58074935400518,872.1038461538463,-0.19102564102564495,-27.79134366925065,871.3038461538464,1.10128205128205,-27.70478036175712,844.5500198767643,844.1214768435701,844.7003478433713
abstract_0061.jpg,1154.164179104478,-1.6293532338308432,-77.49874686716795,1155.8283582089557,-2.0572139303482633,-78.18483709273185,1159.0223880597018,-2.12437810945274,-79.46741854636593,1075.0360790034792,1075.5863071858755,1077.4305914038832
abstract_0062.jpg,965.8043478260872,-0.224637681159418,-140.1739130434783,965.8695652173916,-0.1594202898550703,-140.1739130434783,966.3858695652177,-0.19021739130435078,-140.4012681159421,825.4057971014495,825.5362318840582,825.7943840579712
abstract_0063.jpg,900.089285714286,0.43452380952381603,1.6071428571428572,900.2232142857146,0.5089285714285755,2.0818452380952395,901.6919642857146,0.5372023809523837,2.5215773809523836,902.1309523809527,902.8139880952383,904.7507440476194
abstract_0064.jpg,1013.8010204081636,0.26700680272109095,-134.10738831615126,1012.8775510204084,0.1054421768707519,-134.0412371134021,1010.9744897959188,-0.18197278911564588,-133.44587628865983,879.9606388947334,878.9417560838771,877.3466407181432
abstract_0065.jpg,701.0535714285717,-1.6773809523809535,-54.21762589928059,688.8142857142859,-1.9214285714285693,-50.88609112709832,677.6464285714288,-2.979761904761903,-50.25000000000001,645.1585645769101,636.006766015759,624.416666666667
abstract_0066.jpg,910.2091836734697,-0.19217687074829468,-62.71477663230243,907.2040816326534,0.003401360544217953,-62.33419243986257,903.8265306122452,-0.12925170068027206,-62.22766323024057,847.302230170419,844.873290553335,841.4696156813244
abstract_0067.jpg,899.5807692307694,0.7012820512820498,1.122093023255814,901.3576923076926,0.20641025641025518,0.3611111111111111,902.6115384615387,-0.32692307692307654,0.49935400516795864,901.4041443053073,901.9252136752139,902.7839693897835
abstract_0068.jpg,794.0739436619721,0.8838028169014088,-6.141431924882629,793.9929577464791,0.8544600938967125,-6.5645539906103325,794.0528169014086,0.07394366197183339,-7.677816901408455,788.8163145539908,788.2828638497655,786.448943661972
abstract_0069.jpg,785.7063492063494,1.8227513227513197,-20.070666666666675,793.2500000000002,0.5224867724867702,-21.076666666666675,811.4404761904764,-0.05952380952380836,-19.490666666666673,767.458433862434,772.6958201058203,791.8902857142858
abstract_0070.jpg,1066.7500000000005,-2.89784946236559,-26.085365853658548,1063.2338709677424,-3.5053763440860233,-29.833333333333343,1065.6733870967746,-2.5793010752688192,-34.22696476964771,1037.7667846839763,1029.8951612903231,1028.867121251858
abstract_0072.jpg,740.7383720930235,-1.1492248062015493,-55.74803921568629,739.4302325581397,-1.1976744186046515,-55.627450980392176,744.9651162790699,-0.7286821705426336,-56.20294117647061,683.8411080711356,682.6051071591429,688.0334929320567
abstract_0073.jpg,680.2596153846157,-0.8205128205128198,-80.96634615384617,631.5576923076925,-0.04487179487179628,-71.46794871794874,612.4038461538463,0.16346153846153846,-68.35256410256413,598.4727564102567,560.0448717948719,544.2147435897438
abstract_0074.jpg,1100.7200000000003,-1.1733333333333371,-116.63666666666671,1099.5200000000004,0.10999999999999507,-115.96666666666671,1093.0800000000004,-0.870000000000004,-114.58333333333339,982.9100000000001,983.6633333333336,977.6266666666671
abstract_0075.jpg,1027.5296610169494,0.07203389830507738,-2.533475783475787,1028.2669491525426,0.0663841807909558,-5.019230769230772,1027.0084745762715,0.02542372881356089,-2.870370370370369,1025.0682191317787,1023.3141025641028,1024.1635279347147
abstract_0076.jpg,859.7872340425535,0.6773049645390073,-96.91843971631208,860.867021276596,0.28546099290780463,-97.21542553191492,852.7074468085109,0.09042553191489296,-96.1285460992908,763.5460992907804,763.9370567375889,756.669326241135
abstract_0077.jpg,1029.7958333333336,-0.22916666666667274,-141.71918767507006,1030.766666666667,-0.022222222222228697,-141.70028011204485,1006.9250000000003,0.6249999999999998,-137.08263305322134,887.8474789915967,889.0441643324001,870.467366946779
abstract_0078.jpg,1026.9627659574471,-1.2039007092198593,-122.22670250896063,1027.5425531914896,-0.8404255319148947,-122.13440860215059,1030.6382978723407,-0.6560283687943317,-122.4587813620072,903.5321627392666,904.567719057424,907.5234881415391
abstract_0079.jpg,1079.0106382978727,-2.0,-64.6294326241135,1067.5638297872345,-2.014184397163123,-66.99113475177307,1057.0585106382982,-1.6719858156028315,-68.85017730496456,1012.3812056737592,998.5585106382983,986.536347517731
abstract_0080.jpg,902.2098214285717,0.9866071428571437,-72.05282738095241,901.8660714285717,0.8988095238095294,-71.91815476190479,905.1964285714288,1.4821428571428579,-70.17857142857144,831.1436011904764,830.8467261904764,836.5000000000002
abstract_0081.jpg,910.2285714285716,-1.6952380952380937,-151.70476190476194,908.7000000000003,-2.9904761904761936,-151.45000000000005,914.8214285714289,-2.116666666666667,-152.47023809523813,756.8285714285716,754.259523809524,760.234523809524
abstract_0082.jpg,322.9739583333334,0.10590277777777739,-2.0060763888888884,323.18229166666674,0.06423611111111191,-2.582465277777777,323.8385416666668,0.019097222222223348,-3.3376736111111103,321.0737847222223,320.66406250000006,320.51996527777794
abstract_0083.jpg,1045.688405797102,4.502415458937202,-13.319951338199518,1041.4601449275367,3.5012077294686,-10.490875912408761,1039.7427536231887,4.740338164251209,-9.295012165450125,1036.8708699178396,1034.4704767445967,1035.1880796219898
abstract_0084.jpg,646.6750000000002,-0.27500000000000163,66.24083333333336,652.8000000000002,-0.9699999999999989,66.30000000000003,651.8850000000001,-2.605000000000003,65.47250000000003,712.6408333333336,718.1300000000002,714.7525
abstract_0085.jpg,1288.2250000000004,0.0950000000000005,-122.72138047138053,1291.3300000000004,-0.0933333333333341,-121.82996632996638,1296.4700000000005,-0.3866666666666613,-119.82996632996635,1165.5986195286198,1169.4067003367009,1176.2533670033674
abstract_0086.jpg,1160.9553571428576,0.7916666666666672,-93.4419642857143,1161.6116071428576,0.5639880952380916,-93.37276785714288,1163.1026785714291,0.38839285714286287,-93.42187500000003,1068.30505952381,1068.8028273809527,1070.069196428572
abstract_0087.jpg,1150.1961538461544,-0.003846153846152425,-130.16731266149876,1150.1653846153852,0.008974358974362563,-130.18798449612407,1148.338461538462,-0.005128205128206822,-130.48320413436696,1020.0249950308096,1019.9863744782356,1017.850129198967
abstract_0088.jpg,542.137254901961,-7.650326797385628,90.31683168316835,541.4068627450982,-0.7794117647058835,88.49917491749177,408.56372549019625,-1.380718954248366,60.730198019802,624.8037597877437,629.1266258978842,467.91320455574987
abstract_0089.jpg,660.2410714285717,-0.2499999999999979,3.3708708708708675,690.1383928571431,0.18601190476190493,-5.1163663663663685,709.1116071428575,0.6681547619047653,-10.277027027027032,663.3619422994425,685.2080383955387,699.5027348777353
abstract_0090.jpg,825.0491071428575,1.739583333333334,-109.86532738095242,826.9375000000002,1.2261904761904758,-109.71577380952385,807.2366071428575,0.9538690476190478,-109.61383928571433,716.9233630952384,718.4479166666669,698.5766369047622
abstract_0091.jpg,1333.6000000000006,-0.20303030303030087,-84.05757575757578,1336.4500000000005,-0.1015151515151519,-83.82954545454548,1338.2681818181823,-0.43484848484848293,-83.29621212121215,1249.3393939393945,1252.51893939394,1254.5371212121215
abstract_0092.jpg,1120.992063492064,-1.137566137566134,-1.667989417989418,1113.7023809523814,-1.1653439153439074,-0.4847883597883622,1100.3015873015875,-1.3121693121693156,0.5264550264550241,1118.1865079365084,1112.052248677249,1099.5158730158732
abstract_0093.jpg,1215.1583333333338,-1.5305555555555577,-94.8180555555556,1214.0500000000004,-1.2861111111111105,-96.07500000000005,1207.266666666667,-0.14722222222222853,-97.48333333333338,1118.8097222222225,1116.6888888888893,1109.6361111111116
abstract_0094.jpg,858.8287037037039,-0.35648148148147973,-32.23688271604939,861.8055555555558,0.3333333333333316,-32.30092592592594,862.8935185185188,-0.7700617283950599,-32.44830246913581,826.235339506173,829.8379629629632,829.675154320988
abstract_0095.jpg,652.7366071428575,0.888392857142858,-52.06919642857145,723.089285714286,-0.25297619047619224,-64.85714285714288,764.3973214285717,0.38839285714285765,-72.87872023809526,601.5558035714289,657.979166666667,691.9069940476193
abstract_0096.jpg,574.2205882352943,-1.8741830065359506,27.58663366336635,584.8970588235295,-5.102941176470593,23.258250825082516,582.1176470588238,-4.490196078431374,13.495049504950499,599.9330388921246,603.0523684721414,591.1225004853429
abstract_0097.jpg,1000.8310810810815,0.15540540540540387,-134.0844594594595,974.9864864864869,-0.3153153153153125,-129.66891891891896,910.2567567567571,-2.774774774774775,-117.91216216216219,866.9020270270274,845.0022522522527,789.5698198198202
abstract_0098.jpg,927.433673469388,-6.566326530612248,12.071305841924401,931.8673469387758,-6.761904761904765,10.335051546391757,940.3469387755105,-5.826530612244904,9.74226804123712,932.9386527807002,935.4404937232628,944.2626762045027
abstract_0099.jpg,927.4696969696972,-1.2878787878787876,-27.486005089058533,919.8901515151517,-0.07702020202020231,-28.48027989821884,919.5454545454547,-0.7196969696969654,-29.031806615776095,898.69581309276,891.3328514149127,889.7939509599817
abstract_0100.jpg,1360.8450000000005,0.064999999999998,1.8173400673400681,1360.8450000000005,-0.5383333333333323,2.475589225589227,1359.1900000000005,0.07333333333332888,3.1860269360269355,1362.7273400673405,1362.7822558922562,1362.4493602693608
abstract_0101.jpg,644.058510638298,0.24290780141844112,25.415780141843978,643.6861702127661,-0.43439716312056775,24.977836879432633,639.8617021276598,-1.0106382978723412,22.37056737588653,669.7171985815604,668.2296099290782,661.2216312056739
abstract_0102.jpg,821.6467391304351,0.7771739130434804,-13.901268115942033,824.6086956521742,1.6014492753623228,-16.09420289855073,824.114130434783,1.820652173913048,-18.265398550724644,808.5226449275366,810.1159420289858,807.6693840579713
abstract_0103.jpg,1098.1192307692313,1.2807692307692342,-134.25452196382432,1099.6230769230774,0.5358974358974351,-133.71447028423776,1097.0000000000005,-0.09487179487179231,-135.2073643410853,965.1454780361762,966.444504074737,961.6977638640434
abstract_0104.jpg,1018.1700000000003,-1.9433333333333307,14.001666666666672,1012.9700000000003,-2.3566666666666616,19.805000000000007,998.2600000000003,-0.9433333333333342,21.38333333333334,1030.2283333333337,1030.4183333333335,1018.7000000000003
abstract_0105.jpg,986.9414062500005,1.8216145833333368,18.694225721784782,991.8906250000005,0.4270833333333293,19.764435695538058,1002.2695312500003,-0.2122395833333348,21.208005249343834,1007.4572465551186,1012.0821440288719,1023.2652969160108
abstract_0106.jpg,706.835106382979,0.679078014184398,-49.681899641577075,712.7393617021278,0.8918439716312063,-51.53315412186381,718.0000000000003,-0.6489361702127613,-51.58422939068102,657.8322847555863,662.0980515518952,665.7668344391066
abstract_0107.jpg,1043.289473684211,3.7134502923976576,-113.91887905604725,1054.7543859649124,1.795321637426903,-116.69616519174046,1058.2412280701758,2.8581871345029213,-120.80752212389385,933.0840449205616,939.853542410599,940.2918930807849
abstract_0108.jpg,716.3872549019611,-0.45588235294117574,-38.251650165016514,713.4264705882356,-0.7173202614379118,-39.68564356435645,712.0980392156865,0.3235294117647025,-38.590759075907606,677.6797223840034,673.0235067624412,673.8308095515437
abstract_0109.jpg,1069.2812500000005,1.1175595238095313,-64.85937500000003,1056.633928571429,0.6488095238095233,-61.626488095238116,1050.1785714285718,0.45238095238094983,-58.87797619047621,1005.5394345238101,995.6562500000005,991.7529761904765
abstract_0110.jpg,669.4241071428575,-0.947916666666666,-13.118303571428577,662.4375000000002,-1.6934523809523823,-15.602678571428577,656.8526785714288,0.2842261904761908,-13.320684523809529,655.3578869047623,645.1413690476193,643.8162202380954
abstract_0111.jpg,1173.9531250000002,-0.33854166666667257,-28.25954861111112,1171.1406250000007,-1.1788194444444482,-28.62760416666668,1170.7656250000005,-0.8836805555555531,-30.124131944444457,1145.3550347222224,1141.3342013888896,1139.7578125000005
abstract_0112.jpg,792.5151515151517,-0.6313131313131283,-20.727272727272737,767.8787878787881,-0.6035353535353523,-13.954545454545459,763.5946969696972,-0.8522727272727233,-10.796085858585863,771.1565656565658,753.3207070707073,751.9463383838386
abstract_0113.jpg,774.6010638297876,-2.728723404255325,-43.692652329749116,769.9095744680855,-2.4485815602836873,-42.75537634408604,768.553191489362,-3.0141843971631195,-42.516129032258085,728.1796880957831,724.7056165637157,723.0228780599408
abstract_0114.jpg,862.8371212121215,-0.7664141414141409,-43.392045454545475,860.1780303030305,-0.5366161616161634,-42.00946969696972,861.3484848484851,-0.5909090909090912,-42.3358585858586,818.6786616161619,817.6319444444446,818.4217171717173
abstract_0115.jpg,1020.2254901960787,-0.33006535947712484,-114.40264026402645,1019.0490196078434,0.3692810457516307,-113.71452145214526,1018.7647058823533,0.8431372549019577,-112.47277227722778,905.4927845725751,905.7037792014498,907.1350708600274
abstract_0116.jpg,1285.3776595744685,0.15780141843972076,-121.2402482269504,1284.143617021277,0.18617021276595752,-120.7189716312057,1283.8085106382982,0.276595744680855,-120.4326241134752,1164.2952127659578,1163.6108156028372,1163.652482269504
abstract_0117.jpg,677.4042553191491,0.45744680851063546,-45.36879432624115,680.3404255319152,0.0886524822695045,-46.07092198581562,682.7180851063833,-0.10460992907801209,-45.68705673758866,632.4929078014186,634.3581560283691,636.9264184397166
abstract_0118.jpg,1191.4558823529417,-0.7630718954248387,-1.9282178217821768,1198.318627450981,-1.5669934640522916,-2.882013201320129,1223.3578431372553,-2.178104575163393,-1.64851485148515,1188.7645926357345,1193.8696207856085,1219.5312237106068
abstract_0119.jpg,1106.9758064516134,1.8306451612903296,-45.27822580645162,1102.0201612903231,1.4932795698924726,-45.32056451612904,1091.9112903225812,1.5833333333333284,-45.91801075268818,1063.528225806452,1058.1928763440865,1047.5766129032263
abstract_0120.jpg,871.0654761904765,2.7440476190476155,-46.19578313253014,877.4464285714289,3.2599206349206384,-43.0050200803213,874.8511904761908,1.0416666666666636,-44.76204819277109,827.613740676994,837.7013291260282,831.1308089500864
abstract_0121.jpg,845.3200000000003,0.5400000000000017,35.41077441077442,850.7650000000003,0.24833333333332908,36.05892255892257,856.7550000000003,0.668333333333335,34.68602693602695,881.2707744107747,887.0722558922562,892.1093602693605
abstract_0122.jpg,1209.2636363636368,0.9151515151515242,-105.64090909090909,1210.9772727272732,0.6893939393939424,-106.22348484848487,1212.036363636364,0.7000000000000086,-106.09393939393944,1104.5378787878792,1105.4431818181824,1106.6424242424246
abstract_0123.jpg,803.3571428571431,-0.006802721088436921,-42.344501718213074,803.4030612244901,-0.17517006802720952,-42.60137457044675,802.0000000000003,-0.19387755102040555,-42.762886597938156,761.0058384178416,760.6265165860161,759.0432358510418
abstract_0124.jpg,1112.3150000000005,0.6250000000000022,-22.396464646464647,1097.6450000000004,-0.6616666666666717,-20.586700336700343,1086.8200000000004,-0.376666666666665,-19.373737373737377,1090.5435353535358,1076.3966329966336,1067.0695959595964
abstract_0125.jpg,610.2423076923079,0.7602564102564073,-0.6839743589743595,590.0423076923079,1.437179487179488,3.2365384615384616,587.8961538461541,-0.8217948717948715,11.873717948717953,610.3185897435899,594.7160256410258,598.9480769230772
abstract_0126.jpg,888.7946428571431,-0.29166666666666613,57.68005952380955,877.0000000000002,-0.07738095238095094,66.0386904761905,867.4107142857146,-0.17261904761904995,79.15476190476193,946.183035714286,942.9613095238097,946.3928571428575
abstract_0127.jpg,751.7307692307695,-0.1179487179487224,-75.64487179487182,753.3730769230772,-0.4166666666666655,-75.74166666666669,749.219230769231,-0.9602564102564103,-76.60320512820516,675.967948717949,677.2147435897439,671.6557692307695
abstract_0128.jpg,832.4100000000003,-3.120000000000004,68.96833333333336,820.3100000000003,-4.456666666666671,66.70500000000003,820.8750000000003,-4.185,64.50750000000002,898.2583333333337,882.5583333333336,881.1975000000004
abstract_0129.jpg,1216.0098039215693,-0.7712418300653584,-105.31862745098043,1213.1911764705887,-0.19117647058823706,-104.97957516339874,1209.6127450980396,-0.021241830065360033,-104.35702614379089,1109.9199346405237,1108.0204248366017,1105.2344771241835
abstract_0130.jpg,1311.0964912280706,-1.5789473684210547,-63.564896755162266,1306.9649122807023,-0.2280701754386013,-62.53244837758114,1311.973684210527,-0.7163742690058511,-63.898230088495595,1245.9526471044874,1244.2043937276824,1247.3590798530254
abstract_0131.jpg,979.8932584269667,1.2790262172284643,-14.065442561205277,969.3651685393262,2.314606741573034,-17.005649717514128,962.6264044943823,1.9971910112359559,-19.543314500941623,967.1068420829898,954.6741255633851,945.0802810046766
abstract_0132.jpg,989.0638297872343,0.20921985815603045,-115.15412186379932,988.0000000000003,0.780141843971632,-115.36021505376347,989.0159574468088,0.9237588652482254,-114.76344086021508,874.1189277815911,873.4199267902085,875.176275451842
abstract_0133.jpg,937.3437500000002,-1.2991071428571395,-58.64955357142859,942.4821428571431,-0.1696428571428575,-54.38690476190478,947.8258928571431,-0.0044642857142850375,-59.39955357142859,877.3950892857146,887.9255952380954,888.4218750000002
abstract_0134.jpg,875.7375000000003,-0.9069444444444468,-78.06302521008405,891.0250000000002,0.5333333333333355,-81.04621848739498,883.7833333333335,-0.21666666666667192,-78.94817927170871,796.7675303454719,810.5121148459385,804.6184873949582
abstract_0135.jpg,1113.349264705883,0.6041666666666642,-77.40061728395064,1102.7169117647063,0.028186274509801972,-76.79814814814817,1095.3713235294122,-1.410539215686275,-77.25123456790126,1036.552814088599,1025.946949891068,1016.7095497458247
abstract_0136.jpg,850.8550000000002,3.2883333333333318,-16.54882154882155,854.2850000000003,2.0983333333333407,-17.276094276094284,855.6400000000003,3.066666666666671,-23.727272727272737,837.594511784512,839.1072390572394,834.9793939393943
abstract_0137.jpg,1092.201086956522,-1.3822463768115967,-125.7509057971015,1076.5652173913047,0.17753623188406292,-123.6775362318841,1055.880434782609,2.6884057971014514,-122.95471014492759,965.067934782609,953.0652173913046,935.6141304347829
abstract_0138.jpg,1024.0046296296298,0.21759259259259084,33.733796296296305,1030.9814814814818,-0.5802469135802492,30.37037037037038,1032.87962962963,0.23456790123456686,28.322530864197535,1057.9560185185187,1060.771604938272,1061.4367283950621
abstract_0139.jpg,427.50000000000017,0.2966666666666663,-9.773333333333337,415.29000000000013,1.5300000000000011,-4.0516666666666685,405.95500000000015,-0.22500000000000134,-0.7525,418.02333333333354,412.7683333333335,404.97750000000013
abstract_0140.jpg,668.9508928571431,-1.1205357142857115,-43.081101190476204,697.6473214285717,-1.183035714285716,-50.59002976190478,676.4285714285717,-1.9732142857142885,-55.029761904761926,624.7492559523812,645.8742559523812,619.4255952380954
abstract_0141.jpg,823.6525423728816,0.2768361581920917,29.007062146892665,824.0932203389833,0.43785310734463045,30.484463276836163,825.419491525424,0.46186440677966134,29.365112994350294,852.9364406779663,855.0155367231641,855.2464689265539
abstract_0142.jpg,1254.767241379311,0.39655172413792966,-72.79565217391307,1253.7198275862074,0.29741379310345367,-72.08043478260872,1254.2500000000005,0.2413793103448286,-71.46159420289857,1182.3681409295357,1181.9368065967021,1183.0297851074467
abstract_0143.jpg,887.0905797101451,-3.5543478260869574,-84.05615942028987,890.5688405797104,-2.0712560386473475,-77.00543478260872,886.4710144927539,-4.625603864734301,-77.75724637681161,799.4800724637682,811.4921497584543,804.0881642512079
abstract_0144.jpg,815.9481132075474,-0.3380503144654097,-72.01022012578619,858.1132075471701,-0.2987421383647768,-80.35534591194971,869.1745283018871,-0.5361635220125787,-90.84040880503147,743.5998427672959,777.4591194968556,777.797955974843
abstract_0145.jpg,738.0564516129035,-1.2365591397849491,40.401881720430126,733.3870967741938,-1.4166666666666659,36.98655913978496,736.2419354838712,-1.053763440860214,35.95698924731184,777.2217741935486,768.9569892473121,771.1451612903229
abstract_0146.jpg,1020.0000000000003,0.0,-170.00000000000003,1020.0000000000003,0.0,-170.00000000000003,1020.0000000000003,0.0,-170.00000000000003,850.0000000000003,850.0000000000003,850.0000000000003
abstract_0147.jpg,1002.0362318840583,1.5628019323671487,-41.65875912408761,1002.8913043478265,1.2415458937198087,-41.49574209245744,1003.4130434782613,0.6642512077294648,-41.36618004866182,961.9402746923379,962.6371081490888,962.7111146373289
abstract_0148.jpg,880.5615384615387,3.6692307692307655,69.53974358974362,884.5923076923079,2.2076923076923096,69.09871794871796,886.8615384615387,2.535897435897439,67.30000000000003,953.7705128205131,955.8987179487183,956.6974358974362
abstract_0149.jpg,1099.2812500000007,-0.8055555555555605,-18.532986111111118,1097.1458333333337,-1.0590277777777761,-14.93402777777778,1101.8177083333337,-1.7309027777777795,-14.084201388888895,1079.942708333334,1081.152777777778,1086.002604166667
abstract_0150.jpg,1108.4769230769234,0.09487179487180224,-45.1871794871795,1109.2576923076927,0.06025641025640599,-45.94551282051284,1110.438461538462,0.07948717948718426,-46.68589743589745,1063.3846153846157,1063.3724358974362,1063.8320512820517
abstract_0151.jpg,516.4507042253522,-0.48356807511737043,-86.07511737089203,1011.711267605634,-0.13849765258216,-168.618544600939,969.6830985915495,-0.7769953051643194,-161.61384976525824,429.89201877934283,842.9542253521129,807.292253521127
abstract_0152.jpg,857.8269230769233,2.565384615384616,-55.20155038759692,858.1884615384618,2.6782051282051262,-55.3217054263566,860.0000000000002,1.1923076923076932,-59.95865633074937,805.1907573047109,805.5449612403103,801.2336513615586
abstract_0153.jpg,1205.5089285714291,0.8035714285714222,-50.27827380952382,1198.723214285715,0.09226190476190167,-47.01934523809525,1197.1383928571433,1.450892857142851,-47.68377976190477,1156.0342261904766,1151.7961309523816,1150.9055059523814
abstract_0154.jpg,1086.684210526316,2.733918128654977,-5.342182890855458,1086.7061403508776,2.975146198830412,-1.9977876106194663,1095.3245614035093,3.4005847953216395,-0.33775811209440065,1084.0759457641157,1087.6834989390884,1098.3873880867366
abstract_0155.jpg,680.5250000000002,0.7464285714285726,-38.07613908872902,677.0321428571431,0.8559523809523807,-37.42745803357315,672.9642857142859,0.3690476190476216,-37.37050359712231,643.1952894826998,640.4606372045223,635.9628297362112
abstract_0156.jpg,1125.3409090909095,-1.333333333333338,-82.7201017811705,1131.8371212121217,-0.9507575757575764,-86.954834605598,1124.0984848484852,0.1691919191919182,-88.3784987277354,1041.2874739764056,1043.9315290307661,1035.8891780399417
abstract_0157.jpg,1024.170454545455,-0.18560606060606027,-169.42337164750964,1024.4943181818185,0.11931818181818188,-169.014367816092,1024.4602272727277,0.28977272727272685,-168.59482758620695,854.5614768373393,855.5992685475447,856.1551724137935
abstract_0158.jpg,278.71428571428584,-0.799319727891158,1.6881443298969097,266.6734693877552,-0.8095238095238121,4.466494845360827,268.69387755102053,-0.01020408163265306,4.617697594501723,279.6031103162916,270.3304404235922,273.30137106388963
abstract_0159.jpg,987.6607142857146,0.464285714285719,-32.38988095238096,986.3169642857146,0.5967261904761922,-34.12723214285715,986.6785714285717,0.5684523809523745,-34.74404761904763,955.7351190476193,952.7864583333336,952.5029761904765
abstract_0160.jpg,1133.6741071428573,-1.186011904761905,-26.314732142857153,1136.477678571429,-0.12053571428571123,-27.71056547619049,1142.7500000000005,0.4494047619047616,-28.196428571428584,1106.1733630952383,1108.6465773809525,1115.0029761904766
abstract_0161.jpg,875.2959183673472,7.275510204081636,-47.86254295532648,866.668367346939,4.603741496598642,-49.085051546391774,856.683673469388,1.0782312925170083,-46.25945017182132,834.7088856161024,822.1870572971459,811.5024545900837
abstract_0162.jpg,628.2083333333336,1.3020833333333346,-30.18402777777779,627.557291666667,1.5434027777777812,-30.981770833333346,625.7708333333336,1.743055555555554,-30.881944444444457,599.3263888888891,598.1189236111114,596.6319444444447
abstract_0163.jpg,941.3039215686277,-2.1209150326797346,-25.13366336633664,940.7450980392159,-0.14705882352941316,-21.851485148514858,954.4362745098042,-1.1552287581699359,-25.000825082508264,914.0493431696113,918.7465540671717,928.2802206691259
abstract_0164.jpg,1044.2908163265308,-0.6547619047619032,-48.956632653061234,1050.198979591837,-0.8622448979591869,-50.60459183673471,1055.0918367346942,-1.411564625850349,-51.008503401360564,994.6794217687077,998.7321428571431,1002.6717687074832
abstract_0165.jpg,1034.4236111111115,0.7893518518518469,84.98958333333337,1047.5208333333337,0.8541666666666734,81.77430555555559,1068.8819444444448,1.0671296296296304,74.8715277777778,1120.2025462962965,1130.149305555556,1144.8206018518522
abstract_0166.jpg,1229.451492537314,0.7425373134328385,-97.71703980099507,1226.8768656716422,0.650497512437815,-96.78793532338312,1226.7947761194034,0.6853233830845774,-95.83893034825874,1132.4769900497517,1130.7394278606969,1131.6411691542291
abstract_0167.jpg,1045.3083333333336,-0.027777777777777984,-106.65972222222226,1047.291666666667,-0.058333333333326236,-107.00138888888893,1049.7708333333337,-0.026388888888890686,-107.43680555555558,938.6208333333335,940.2319444444447,942.3076388888892
abstract_0168.jpg,726.5375000000004,1.5249999999999975,55.602083333333354,737.3500000000004,1.70416666666667,55.74166666666668,747.7250000000004,0.9500000000000057,55.658333333333346,783.6645833333337,794.7958333333337,804.3333333333337
abstract_0169.jpg,1061.0106382978727,-0.21276595744680943,-154.4379432624114,1060.6409574468087,-0.0576241134751759,-154.44193262411352,1054.5478723404258,0.026595744680849288,-154.92996453900713,906.3599290780144,906.14140070922,899.6445035460995
abstract_0170.jpg,930.1122448979595,0.387755102040814,-106.34278350515467,925.9438775510207,0.04591836734694129,-105.00687285223371,919.2500000000003,0.32482993197278875,-104.66752577319592,824.1572164948457,820.9829230661339,814.9073041587772
abstract_0171.jpg,649.6794871794874,-0.7136752136752129,1.2841880341880343,624.3525641025643,-0.006410256410256896,10.056623931623935,617.1089743589746,0.5876068376068405,16.772435897435905,650.2500000000002,634.4027777777779,634.4690170940173
abstract_0172.jpg,1210.9961538461544,-0.2551282051282037,-75.54038461538464,1207.9307692307698,-0.9461538461538503,-75.4371794871795,1203.1076923076928,-1.4307692307692355,-74.63076923076925,1135.2006410256415,1131.5474358974363,1127.0461538461543
abstract_0173.jpg,781.3421052631581,-0.25438596491227833,-47.061403508771946,784.6381578947371,-0.006578947368419027,-48.23793859649125,790.0855263157897,0.2565789473684218,-49.55372807017545,734.0263157894739,736.3936403508774,740.7883771929827
abstract_0174.jpg,663.9239130434785,4.150966183574881,22.17944038929441,664.3731884057974,4.699275362318843,20.953163017031635,661.1630434782611,5.100241545893719,19.236618004866184,690.2543196163477,690.0256267851479,685.499903029021
abstract_0175.jpg,697.1428571428573,-1.1296296296296273,-21.24338624338625,677.5753968253971,0.12830687830688078,-15.955687830687838,655.1626984126987,-2.0039682539682553,-13.267857142857142,674.7698412698414,661.7480158730161,639.8908730158732
abstract_0176.jpg,839.1224489795921,-0.7925170068027187,41.98625429553267,840.0153061224493,-0.5221088435374136,42.354810996563586,836.0204081632656,-1.425170068027214,39.20962199312716,880.3161862683221,881.8480082754754,873.8048600883656
abstract_0177.jpg,1004.8520408163268,-0.02891156462584704,-105.05357142857146,1008.168367346939,-0.045918367346942705,-105.72534013605446,1010.683673469388,-0.17687074829932173,-106.26700680272111,899.7695578231295,902.3971088435376,904.2397959183677
abstract_0178.jpg,1016.1845238095242,-0.156746031746041,-142.89186507936515,1016.2797619047623,-0.12500000000000133,-142.89980158730165,1016.4404761904765,-0.059523809523815724,-142.9226190476191,873.135912698413,873.2549603174606,873.4583333333335
abstract_0179.jpg,1102.7388888888893,0.5944444444444417,-131.98782771535585,1098.205555555556,-0.5351851851851901,-131.34550561797758,1091.2888888888892,-1.2185185185185194,-129.20786516853937,971.3455056179779,966.3248647523933,960.8625052018314
abstract_0180.jpg,795.8550000000002,1.438333333333331,-75.31060606060609,788.7800000000003,0.8800000000000027,-74.15488215488217,783.4650000000003,0.7183333333333327,-72.9250841750842,721.9827272727274,715.5051178451181,711.2582491582494
abstract_0181.jpg,1300.9888888888893,-4.696296296296297,-66.47962962962966,1309.2166666666674,-7.283333333333339,-69.36944444444447,1285.672222222223,-6.48333333333333,-71.40462962962965,1229.8129629629632,1232.5638888888896,1207.78425925926
abstract_0182.jpg,1088.3724489795923,-1.0969387755102045,-36.817010309278366,1084.7908163265313,-1.5969387755102098,-35.954467353951905,1074.9795918367354,-1.615646258503406,-33.25945017182132,1050.4584998948037,1047.2394101970692,1040.1044954064107
abstract_0183.jpg,304.4356060606062,-0.07196969696969768,43.81881313131315,290.8901515151516,1.6755050505050522,41.78598484848486,252.9924242424243,1.4419191919191914,32.74368686868688,348.18244949494965,334.35164141414157,287.17803030303037
abstract_0184.jpg,1189.675531914894,0.2322695035460998,-134.7876344086022,1188.1861702127662,-0.23936170212765953,-136.8629032258065,1190.9095744680853,-0.5124113475177281,-137.83064516129036,1055.120167009838,1051.083905284832,1052.5665179592775
abstract_0185.jpg,875.1500000000002,-0.9730769230769228,-44.73062015503878,865.2269230769233,-0.9320512820512845,-41.30426356589149,852.8423076923079,-0.6756410256410252,-38.0419896640827,829.4463029218845,822.9906082289806,814.1246770025842
abstract_0186.jpg,658.4184782608698,1.3713768115942053,-71.7110507246377,643.6902173913045,1.0923913043478266,-68.56431159420292,639.9076086956524,1.067028985507246,-70.36865942028989,588.0788043478263,576.2182971014495,570.6059782608697
abstract_0187.jpg,1163.4583333333337,-2.805555555555557,-30.333333333333346,1160.8593750000007,-1.6822916666666665,-32.691840277777786,1169.067708333334,-0.3593749999999938,-31.296006944444457,1130.3194444444448,1126.485243055556,1137.4123263888896
abstract_0188.jpg,1399.1111111111115,-0.8564814814814886,-64.81220657276997,1396.8750000000005,-0.7407407407407438,-63.6267605633803,1396.6527777777783,-0.7685185185185204,-63.29812206572772,1333.44242305686,1332.5074986958796,1332.586137193532
abstract_0189.jpg,1323.0850000000005,-0.358333333333336,-84.22979797979801,1274.5300000000007,-0.7600000000000011,-55.86531986531989,1280.4300000000005,-0.5400000000000034,-49.24410774410776,1238.4968686868692,1217.9046801346808,1230.6458922558927
abstract_0190.jpg,1076.928571428572,-1.9523809523809523,-1.3184523809523783,1079.0446428571433,-1.217261904761907,-1.8169642857142823,1088.7678571428576,-1.0833333333333304,-3.708333333333336,1073.6577380952388,1076.0104166666672,1083.976190476191
abstract_0191.jpg,951.0550000000003,4.128333333333333,-155.4658333333334,951.0950000000003,3.8250000000000006,-155.84916666666672,949.4050000000003,3.558333333333335,-155.28416666666672,799.7175000000002,799.0708333333336,797.6791666666669
abstract_0192.jpg,1177.6651785714291,-0.43005952380951706,-70.35788690476191,1177.4151785714291,-0.385416666666669,-70.15252976190479,1178.1517857142862,-0.377976190476195,-69.86458333333336,1106.8772321428578,1106.8772321428576,1107.9092261904768
abstract_0193.jpg,528.2352941176472,-2.2973856209150334,38.232673267326746,524.5931372549021,-2.406862745098039,38.34735973597361,525.3872549019609,-2.014705882352941,39.32425742574259,564.1705817640589,560.5336342457776,562.6968064453506
abstract_0194.jpg,1072.1830357142862,-0.03124999999999577,22.877232142857153,1072.2142857142862,-0.02380952380952787,24.827380952380956,1074.7232142857147,-0.03571428571428,25.01041666666667,1095.0290178571433,1097.0178571428576,1099.6979166666672
abstract_0195.jpg,1053.5775862068967,-0.31609195402299217,-108.92318840579715,1053.2801724137933,-0.23994252873563496,-108.7079710144928,1054.409482758621,-0.1192528735632169,-108.63985507246379,944.3383058470765,944.3322588705648,945.6503748125939
abstract_0196.jpg,470.4553571428573,3.086309523809526,3.480654761904763,464.62053571428584,2.995535714285715,4.610863095238097,458.7544642857144,0.6443452380952388,5.877232142857143,477.02232142857156,472.22693452380963,465.2760416666668
abstract_0197.jpg,1088.0817307692312,0.04967948717949301,-112.35517799352756,1090.5625000000002,0.31891025641025833,-112.61326860841429,1093.5625000000002,0.5753205128205141,-112.89805825242723,975.776232262883,978.2681416479961,981.2397622603935
abstract_0198.jpg,579.3050000000002,-1.7050000000000018,-1.5641666666666671,580.0100000000003,-1.2799999999999987,-1.3916666666666668,577.4100000000003,-0.9900000000000003,-0.7416666666666664,576.0358333333335,577.3383333333337,575.6783333333336
abstract_0199.jpg,519.7600000000001,-0.7666666666666679,24.726666666666674,513.5550000000002,-0.8483333333333359,25.10083333333334,504.00000000000017,1.0900000000000014,25.77333333333334,543.7200000000001,537.8075000000001,530.8633333333335
abstract_0200.jpg,942.6956521739133,1.565217391304352,-42.50362318840581,937.3315217391307,1.3931159420289876,-42.51539855072465,923.239130434783,2.0108695652173965,-41.25724637681161,901.757246376812,896.2092391304351,883.9927536231887
abstract_0201.jpg,769.8615384615387,2.594871794871796,-44.610256410256426,769.0307692307695,4.951282051282055,-45.646153846153865,785.8076923076925,0.05384615384615793,-49.3397435897436,727.846153846154,728.3358974358977,736.521794871795
abstract_0202.jpg,1005.2544642857146,0.022321428571426626,-100.44419642857144,1006.6919642857146,-0.09375000000000437,-100.70758928571429,1008.4107142857148,-0.1488095238095207,-101.14583333333333,904.8325892857146,905.8906250000002,907.1160714285719
abstract_0203.jpg,849.1231343283584,0.028606965174132207,-44.453358208955244,846.3171641791047,0.0982587064676605,-44.291666666666686,845.1567164179106,0.16666666666666632,-45.86691542288558,804.6983830845774,802.1237562189056,799.4564676616917
abstract_0204.jpg,557.4062500000002,0.9955357142857136,-16.40690690690691,548.0000000000002,0.6428571428571405,-10.548048048048052,567.3348214285717,1.2038690476190463,-6.18918918918919,541.994878807379,538.0948090948093,562.3495012870015
abstract_0205.jpg,831.4821428571431,1.3392857142857153,-84.29204204204207,818.4821428571431,1.4999999999999956,-81.18543543543545,809.4196428571431,1.803571428571431,-79.12012012012015,748.5293865293867,738.7967074217077,732.1030941655944
abstract_0206.jpg,844.916666666667,-0.305555555555556,-124.92708333333339,864.1302083333336,-0.008680555555554754,-128.19184027777783,893.369791666667,0.20312500000000805,-133.2977430555556,719.684027777778,735.9296875000002,760.2751736111113
abstract_0207.jpg,1144.6895161290327,-0.36424731182795805,16.324525745257457,1145.5201612903231,1.2002688172043083,16.883468834688355,1151.3346774193553,1.1034946236559091,15.514905149051495,1160.6497945624621,1163.6038989422157,1167.9530771920627
abstract_0208.jpg,1073.6038461538467,0.06025641025641022,-101.0574935400517,1086.9115384615388,0.33717948717948515,-104.03359173126617,1091.488461538462,0.3038461538461545,-103.90697674418608,972.6066090240514,983.2151262174523,987.8853309481219
abstract_0209.jpg,1174.7656250000005,0.5677083333333343,-18.151041666666675,1175.9687500000005,0.6901041666666586,-18.945312500000004,1177.9921875000005,0.7005208333333316,-19.80859375,1157.182291666667,1157.7135416666672,1158.8841145833337
abstract_0210.jpg,1080.4841269841274,-5.439153439153446,-108.51455026455031,1082.4007936507942,-4.070105820105815,-112.11970899470903,1077.8174603174607,-0.5000000000000048,-114.82407407407412,966.5304232804237,966.2109788359794,962.4933862433866
abstract_0211.jpg,1262.5098039215693,-2.7810457516339833,-51.1328382838284,1251.1127450980398,-0.6715686274509862,-50.823432343234344,1238.0441176470595,0.0669934640522835,-52.02062706270629,1208.595919886107,1199.6177441273544,1186.0904840484054
abstract_0212.jpg,1493.0969387755108,-0.4268707482993249,-79.07130584192441,1477.9336734693884,-0.1683673469387783,-65.39604810996566,1462.081632653062,-0.09863945578231485,-58.015463917525786,1413.5987621852871,1412.369258012484,1403.9675292797538
abstract_0213.jpg,1118.4813432835824,-2.41169154228856,-88.57268170426069,1107.1417910447765,0.36815920398009716,-92.14598997493738,1108.6343283582094,0.15422885572139478,-92.19110275689226,1027.4969700370332,1015.3639602738191,1016.5974544570385
abstract_0214.jpg,846.7040816326534,-0.3129251700680242,-66.29761904761908,973.4285714285717,-1.1258503401360516,-76.96258503401363,1013.6428571428575,-0.2721088435374197,-90.21938775510206,780.0935374149662,895.340136054422,923.1513605442179
abstract_0215.jpg,689.9886363636366,0.6401515151515199,61.448863636363654,689.2500000000001,-1.2803030303030307,60.39015151515154,662.6704545454548,-0.48863636363636515,55.524621212121225,752.0776515151517,748.3598484848486,717.7064393939397
abstract_0216.jpg,867.2055555555559,0.07962962962963605,-82.3490740740741,863.4111111111114,-0.4074074074074096,-81.06111111111113,865.7277777777781,0.6870370370370352,-79.0916666666667,784.9361111111114,781.9425925925929,787.3231481481484
abstract_0217.jpg,763.7400000000002,0.3299999999999972,-55.62289562289565,749.2900000000003,0.25333333333333297,-51.40909090909092,741.3700000000003,0.1466666666666711,-49.82996632996635,708.4471043771047,698.1342424242428,691.6867003367006
abstract_0218.jpg,1186.5000000000005,-0.571839080459773,-140.53043478260875,1145.7284482758623,0.4439655172413767,-138.1166666666667,1088.8534482758623,-0.8390804597701191,-133.60144927536237,1045.3977261369319,1008.055747126437,954.4129185407297
abstract_0219.jpg,986.2340425531918,-1.6666666666666712,-44.74462365591399,989.8563829787237,-2.1542553191489335,-45.745519713261665,983.2553191489365,-3.3581560283687955,-43.5215053763441,939.8227522306112,941.9566079463132,936.3756577442236
abstract_0220.jpg,1069.2950000000003,0.3116666666666775,-129.27188552188557,1073.5350000000003,0.39166666666666866,-130.99242424242428,1075.2500000000002,0.38999999999999707,-132.65488215488222,940.3347811447815,942.9342424242427,942.9851178451181
abstract_0221.jpg,1330.0312500000005,0.1741071428571408,-58.16889880952383,1264.5491071428576,0.8437500000000038,-29.817708333333343,1269.7991071428576,0.15327380952381384,-31.264136904761916,1272.0364583333337,1235.5751488095243,1238.6882440476195
abstract_0222.jpg,523.8730769230772,-0.5448717948717964,7.6395348837209305,524.6576923076925,-1.0192307692307707,7.365633074935402,525.4730769230772,-0.7423076923076938,5.4799741602067185,530.9677400119263,531.0040946133972,530.2107433909762
abstract_0223.jpg,765.807291666667,1.192708333333333,-15.141493055555562,758.588541666667,0.38715277777777896,-14.039062500000007,756.901041666667,-1.2829861111111092,-11.247395833333336,751.8585069444448,744.9366319444448,744.3706597222225
abstract_0224.jpg,1267.7924528301892,-0.8616352201257862,-88.99056603773587,1240.844339622642,0.2311320754716968,-81.60613207547172,1239.3773584905664,-0.1383647798742139,-82.47798742138367,1177.9402515723275,1159.469339622642,1156.7610062893086
abstract_0225.jpg,1059.9895833333337,-1.4756944444444386,-133.9385964912281,1055.010416666667,-2.086805555555557,-133.91052631578953,1068.963541666667,-1.3038194444444353,-131.29561403508777,924.5752923976613,919.0130847953218,936.3641081871349
abstract_0226.jpg,519.7109375000002,0.1744791666666682,-12.461640211640216,518.2890625000002,0.19010416666666682,-11.466931216931222,512.6562500000002,0.43229166666666347,-11.023809523809526,507.42377645502665,507.0122354497356,502.06473214285734
abstract_0227.jpg,808.7226562500002,0.18619791666667,-82.71719160104989,810.4726562500002,-0.8632812500000008,-83.23162729658796,808.2812500000002,-2.8541666666666696,-83.05249343832024,726.191662565617,726.3777477034123,722.3745898950134
abstract_0228.jpg,1159.166666666667,0.0718954248366066,-131.11274509803926,1154.6911764705885,-1.06372549019608,-129.28839869281052,1157.7352941176475,-0.32352941176471217,-128.67483660130722,1028.1258169934642,1024.339052287582,1028.7369281045758
abstract_0229.jpg,1014.0000000000006,0.019999999999999626,-169.00336700336706,1014.0000000000006,0.019999999999999626,-169.00336700336706,1014.0000000000006,0.006666666666667259,-169.00336700336706,845.0166329966335,845.0166329966335,845.0032996633001
abstract_0230.jpg,1136.120535714286,0.09970238095238057,-150.16741741741743,1134.901785714286,-0.30654761904762057,-150.7822822822823,1070.540178571429,0.4866071428571432,-160.98573573573577,986.0528206778208,983.812955812956,910.0410499785503
abstract_0231.jpg,729.1887755102043,-0.02210884353741284,-22.351374570446737,737.0714285714289,0.4217687074829932,-22.551546391752577,743.1275510204084,-0.5697278911564637,-24.969931271477666,706.8152920962201,714.9416508871593,717.5878918577743
abstract_0232.jpg,1144.0904255319153,2.260638297872344,35.89982269503547,1145.3351063829791,2.5904255319148946,36.99379432624115,1144.021276595745,2.48936170212766,34.70567375886525,1182.2508865248233,1184.9193262411352,1181.2163120567377
abstract_0233.jpg,1293.0227272727277,-0.532828282828286,-53.82951653944022,1298.9583333333337,-0.9785353535353557,-55.59669211195931,1301.3106060606065,-0.38888888888889195,-55.30597964376592,1238.6603824504593,1242.383105867839,1245.6157375279515
abstract_0234.jpg,744.3958333333336,-0.07638888888888386,-60.655263157894765,753.8958333333336,-0.10763888888888865,-63.02192982456143,754.5781250000003,-0.38020833333333326,-63.92631578947371,683.6641812865499,690.7662646198833,690.2716008771932
abstract_0235.jpg,977.058035714286,0.04315476190475776,-88.3043154761905,975.8348214285717,-0.8407738095238119,-88.51413690476193,973.8169642857146,-0.18898809523809676,-89.01711309523812,888.7968750000002,886.4799107142859,884.6108630952384
abstract_0236.jpg,991.0044642857148,-0.25744047619047705,20.29092261904763,985.0312500000006,-0.15625000000000436,19.173363095238106,972.6875000000002,-5.794306833281769e-15,18.316964285714292,1011.0379464285719,1004.0483630952386,991.0044642857146
abstract_0237.jpg,1069.015384615385,0.11538461538461753,31.989664082687348,1068.1500000000005,0.15512820512820988,30.11563307493541,1069.5461538461543,0.16410256410256915,25.994832041343678,1101.120433313457,1098.4207612800642,1095.7050884516007
abstract_0238.jpg,987.058035714286,1.418154761904763,-63.997767857142875,988.995535714286,1.3794642857142865,-65.56473214285717,989.9375000000002,1.321428571428572,-65.81696428571429,924.4784226190479,924.8102678571431,925.4419642857144
abstract_0239.jpg,1224.693877551021,-0.17346938775511161,-105.71088435374153,1225.3622448979597,-0.28061224489795955,-105.85629251700682,1225.448979591837,-0.21088435374149994,-105.9557823129252,1118.8095238095243,1119.225340136055,1119.2823129251703
abstract_0240.jpg,585.902985074627,-0.4900497512437802,-97.65049751243785,586.2089552238808,-0.4577114427860667,-97.70149253731347,589.0895522388062,-0.3830845771144275,-98.18159203980103,487.76243781094547,488.0497512437813,490.52487562189066
abstract_0241.jpg,1226.515957446809,0.1613475177304981,-123.78457446808513,1217.4148936170218,0.3014184397163213,-121.51241134751778,1218.1010638297876,0.5443262411347474,-121.48847517730499,1102.8927304964543,1096.2039007092203,1097.1569148936173
abstract_0242.jpg,869.7708333333336,0.14236111111111546,-64.29122807017545,886.901041666667,-0.09201388888888534,-67.87105263157898,889.104166666667,0.27777777777778134,-68.79298245614038,805.6219663742693,818.937975146199,820.5889619883044
abstract_0243.jpg,1048.5260416666672,-0.07465277777777324,-55.07807017543861,1049.5208333333337,0.5729166666666574,-56.03596491228071,1047.1718750000002,-0.14756944444445136,-55.694736842105286,993.3733187134508,994.0577850877197,991.3295687134506
abstract_0244.jpg,881.6936619718311,-0.3791079812206607,-114.32453051643196,884.1760563380284,-0.678403755868547,-114.90258215962444,885.9507042253523,-0.5399061032863826,-115.75000000000003,766.9900234741785,768.5950704225354,769.6607981220659
abstract_0245.jpg,1241.1271929824566,-2.343567251461988,-23.224926253687325,1347.3377192982462,1.9605263157894741,-33.61283185840709,1458.3289473684215,0.03362573099415338,-24.791297935103255,1215.5586994773073,1315.6854137556284,1433.5712751643123
abstract_0246.jpg,1027.5750000000003,-1.7283333333333317,-34.88973063973065,1013.3750000000005,-0.9983333333333341,-30.36952861952863,1023.2800000000003,-3.1100000000000105,-24.801346801346813,990.9569360269364,982.0071380471385,995.3686531986535
abstract_0247.jpg,1005.0905797101453,0.6775362318840569,-134.99335748792274,885.9746376811596,0.7403381642512064,-109.08272946859907,740.2572463768118,1.3466183574879227,-68.05495169082127,870.7747584541066,777.6322463768117,673.5489130434785
abstract_0248.jpg,1084.1423076923081,0.0935897435897379,-70.3596153846154,1102.5346153846158,0.0858974358974359,-81.61987179487183,1100.9230769230774,-0.06923076923076807,-80.76410256410259,1013.8762820512825,1021.0006410256412,1020.0897435897441
abstract_0249.jpg,845.4680851063833,-2.2234042553191484,-32.63709677419356,843.4308510638301,-2.6613475177304924,-33.8799283154122,852.335106382979,-2.0797872340425614,-35.59050179211471,810.6075840768707,806.8895752306873,814.6648173568217
abstract_0250.jpg,1173.1734693877554,0.010204081632651974,-95.03264604811,1173.5357142857147,-0.30442176870748794,-95.1039518900344,1173.6479591836737,-0.5289115646258532,-95.25343642611686,1078.1510274212783,1078.127340626973,1077.865611192931
abstract_0251.jpg,1020.0000000000003,0.0,-170.00000000000003,1020.0000000000003,0.0,-170.00000000000003,1020.0000000000003,0.0,-170.00000000000003,850.0000000000003,850.0000000000003,850.0000000000003
abstract_0252.jpg,755.2589285714288,-0.8035714285714274,15.14732142857143,754.4196428571431,-0.8660714285714319,16.602678571428573,766.464285714286,-0.7857142857142811,19.479166666666675,769.6026785714288,770.1562500000002,785.1577380952383
abstract_0253.jpg,1147.1581632653065,0.38265306122448933,-144.89370748299325,1145.683673469388,1.1632653061224483,-147.58333333333337,1145.122448979592,0.6428571428571427,-147.64285714285717,1002.6471088435378,999.263605442177,998.122448979592
abstract_0254.jpg,1228.0744680851067,3.5851063829787235,-61.74290780141847,1230.5478723404258,2.367021276595745,-66.4849290780142,1227.803191489362,1.7819148936170164,-65.58421985815606,1169.916666666667,1166.4299645390074,1164.000886524823
abstract_0255.jpg,1060.927884615385,-0.9663461538461504,-109.30177993527512,1056.4663461538464,-0.38942307692307565,-108.0105177993528,1052.5721153846157,-0.7836538461538513,-106.79530744336574,950.6597585262637,948.0664052775705,944.9931540950961
abstract_0256.jpg,1321.3181818181822,0.732323232323233,-55.68829516539442,1322.7537878787882,0.7159090909090936,-57.07951653944022,1321.636363636364,-0.26010101010100745,-57.249363867684494,1266.362209885111,1266.390180430257,1264.1268987585786
abstract_0257.jpg,927.8048780487809,-1.841463414634146,1.410569105691057,917.4573170731711,-2.331300813008134,1.114837398373986,924.756097560976,-0.9918699186991828,4.46341463414634,927.3739837398377,916.2408536585369,928.2276422764231
abstract_0258.jpg,925.8152173913047,-2.4782608695652164,-110.11172161172163,926.2771739130438,-3.2264492753623193,-110.17857142857146,927.2771739130438,-3.7880434782608687,-110.34340659340663,813.2252349100179,812.87215320911,813.1457238413764
abstract_0259.jpg,737.3316326530615,0.7329931972789123,-63.98195876288662,743.5867346938778,-1.042517006802721,-64.02577319587631,752.2193877551024,-0.9982993197278912,-60.81099656357391,674.0826670874538,678.5184444911987,690.4100918718007
abstract_0260.jpg,974.5147058823533,-0.30882352941176117,-130.6765676567657,1002.8970588235297,-0.4885620915032728,-135.83333333333337,1009.0637254901964,-1.138888888888885,-136.40429042904296,843.5293146961758,866.5751633986931,871.5205461722645
abstract_0261.jpg,806.1739130434786,-2.7065217391304355,-36.67391304347827,808.4673913043481,-2.079710144927539,-41.09601449275364,803.5163043478263,-2.3242753623188412,-41.0788043478261,766.79347826087,765.291666666667,760.1132246376814
abstract_0262.jpg,853.0258620689658,0.16666666666666707,-49.178260869565236,847.1508620689658,0.10201149425287231,-48.07028985507249,846.7327586206899,-0.10919540229885147,-48.01304347826089,804.0142678660673,799.1825837081462,798.6105197401301
abstract_0263.jpg,797.8214285714288,0.32142857142857206,-28.72916666666667,806.620535714286,-0.8556547619047612,-46.796875000000014,861.7901785714288,0.013392857142857524,-63.76264880952383,769.4136904761907,758.9680059523812,798.0409226190478
abstract_0264.jpg,1014.0937500000006,-0.7157738095238046,-136.53943452380958,1018.6517857142862,-1.020833333333331,-137.2008928571429,1018.8750000000006,-0.6696428571428645,-137.03273809523813,876.8385416666672,880.43005952381,881.1726190476195
abstract_0265.jpg,874.6057692307695,1.189102564102562,76.82852564102566,877.5625000000002,1.1298076923076905,78.15945512820515,879.0961538461542,1.336538461538462,79.39743589743593,952.6233974358977,956.8517628205132,959.8301282051285
abstract_0266.jpg,915.3437500000003,1.0520833333333321,-35.53771929824563,905.2656250000003,0.8211805555555562,-34.264035087719314,896.2395833333336,0.5590277777777753,-33.419298245614044,880.8581140350881,871.8227704678366,863.3793128654974
abstract_0267.jpg,1105.1066176470592,0.4840686274509806,-155.9808641975309,1103.3272058823534,0.5379901960784313,-156.2771604938272,1116.5625000000005,0.41544117647058976,-154.14629629629633,949.6098220769794,947.5880355846047,962.8316448801746
abstract_0268.jpg,458.9905063291141,-0.7521097046413516,42.3243670886076,460.2974683544306,-0.721518987341773,44.15084388185655,463.0696202531647,-1.2932489451476796,46.055907172995795,500.56276371308036,503.72679324894534,507.8322784810128
abstract_0269.jpg,447.0052083333335,0.42881944444444453,0.7907986111111119,447.82812500000017,0.3593750000000011,0.11197916666666627,448.4895833333335,0.28125000000000283,-1.1996527777777795,448.224826388889,448.29947916666686,447.5711805555557
abstract_0270.jpg,1288.5138888888894,-2.1458333333333313,-42.31481481481483,1292.479166666667,-0.9328703703703669,-39.73032407407409,1297.6909722222226,-1.1932870370370272,-37.81192129629631,1244.0532407407413,1251.8159722222224,1258.6857638888894
abstract_0271.jpg,1125.3807692307696,-0.8371794871794853,4.687820512820513,1133.7692307692312,-0.46923076923077117,0.8076923076923077,1134.7192307692312,0.13461538461538367,0.0775641025641049,1129.2314102564105,1134.1076923076928,1134.9314102564108
abstract_0272.jpg,1082.6302083333337,-0.25868055555555564,-111.13859649122811,1076.3020833333337,-0.2569444444444453,-110.0789473684211,1074.4114583333337,-0.2864583333333326,-109.85350877192987,971.23293128655,965.9661915204683,964.2714912280705
abstract_0273.jpg,898.8532608695656,-0.28804347826087157,-127.7921245421246,898.4021739130438,-0.2753623188405801,-127.71245421245423,896.5108695652177,-0.2898550724637687,-127.34249084249089,770.7730928491801,770.414357381749,768.8785236502631
abstract_0274.jpg,1020.0000000000003,0.0,-170.00000000000003,1020.0000000000003,0.0,-170.00000000000003,1020.0000000000003,0.0,-170.00000000000003,850.0000000000003,850.0000000000003,850.0000000000003
abstract_0275.jpg,693.0955882352944,0.002450980392159649,-35.944852941176485,693.8602941176473,-0.11274509803921537,-38.62377450980394,690.0808823529414,0.3602941176470601,-40.42034313725492,657.1531862745101,655.1237745098041,650.0208333333336
abstract_0276.jpg,1082.143617021277,-0.26773049645390035,-135.29749103942657,1083.9840425531918,-0.29964539007092245,-135.60931899641582,1086.021276595745,-0.358156028368795,-136.0286738351255,946.5783954853964,948.075078166705,949.6344467322507
abstract_0277.jpg,836.217391304348,-0.2681159420289858,15.057971014492757,834.9492753623191,-0.40338164251207587,16.269323671497588,831.7608695652176,-0.23913043478260715,16.80555555555556,851.0072463768117,850.8152173913046,848.3272946859905
abstract_0278.jpg,1266.2008928571433,0.8407738095238115,-95.50074404761907,1267.7946428571433,0.47916666666667174,-95.29910714285717,1267.7142857142862,0.2470238095238107,-95.01190476190479,1171.5409226190482,1172.974702380953,1172.9494047619053
abstract_0279.jpg,1053.2968750000005,-0.5833333333333395,-57.30249343832023,1057.1289062500005,-0.2877604166666667,-60.00000000000002,1056.0742187500005,-0.20182291666666438,-60.77427821522311,995.411048228347,996.8411458333337,995.0981176181106
abstract_0280.jpg,1030.1250000000005,-0.9970238095238086,-81.6339285714286,1029.3125000000005,-0.011904761904757633,-81.57291666666669,1027.8660714285718,1.0119047619047623,-81.48363095238098,947.494047619048,947.7276785714289,947.3943452380956
abstract_0281.jpg,1009.1984126984129,0.8756613756613706,-90.50000000000004,982.5555555555558,0.3703703703703703,-84.13600000000002,1001.8769841269843,0.0701058201058162,-85.33266666666668,919.5740740740742,898.7899259259261,916.6144232804235
abstract_0282.jpg,1350.5873015873021,0.4497354497354533,-58.49066666666668,1351.2380952380956,0.49735449735449794,-57.57600000000002,1352.5714285714291,0.563492063492068,-57.621333333333354,1292.546370370371,1294.1594497354502,1295.513587301588
abstract_0283.jpg,888.4776785714288,-0.11755952380951586,-57.0528273809524,856.9375000000002,0.5684523809523852,-51.02827380952383,844.3973214285717,3.120535714285717,-47.27455357142859,831.3072916666669,806.4776785714288,800.2433035714288
